2025-12-24T03:21:16.257905Z  INFO tailwindcss_oxide::scanner: Provided sources:
2025-12-24T03:21:16.258059Z  INFO tailwindcss_oxide::scanner: Source: PublicSourceEntry { base: "D:\\se_project\\team02", pattern: "**/*", negated: false }
2025-12-24T03:21:16.258292Z  INFO tailwindcss_oxide::scanner: Optimized sources:
2025-12-24T03:21:16.258311Z  INFO tailwindcss_oxide::scanner: Source: Auto { base: "D:\\se_project\\team02" }
2025-12-24T03:21:16.260094Z  INFO scan_sources: tailwindcss_oxide::scanner: enter
2025-12-24T03:21:16.261816Z  INFO scan_sources: tailwindcss_oxide::scanner: Discovering "D:\\se_project\\team02\\.swc"
2025-12-24T03:21:16.261977Z  INFO scan_sources: tailwindcss_oxide::scanner: Discovering "D:\\se_project\\team02\\.swc\\plugins"
2025-12-24T03:21:16.262357Z  INFO scan_sources: tailwindcss_oxide::scanner: Discovering "D:\\se_project\\team02\\.swc\\plugins\\windows_x86_64_20.0.0"
2025-12-24T03:21:16.262542Z  INFO scan_sources: tailwindcss_oxide::scanner: Discovering "D:\\se_project\\team02\\app"
2025-12-24T03:21:16.262672Z  INFO scan_sources: tailwindcss_oxide::scanner: Discovering "D:\\se_project\\team02\\app\\admin"
2025-12-24T03:21:16.262797Z  INFO scan_sources: tailwindcss_oxide::scanner: Discovering "D:\\se_project\\team02\\app\\admin\\booking"
2025-12-24T03:21:16.262928Z  INFO scan_sources: tailwindcss_oxide::scanner: Discovering "D:\\se_project\\team02\\app\\admin\\booking\\page.tsx"
2025-12-24T03:21:16.263029Z  INFO scan_sources: tailwindcss_oxide::scanner: Discovering "D:\\se_project\\team02\\app\\admin\\budget_approval"
2025-12-24T03:21:16.263153Z  INFO scan_sources: tailwindcss_oxide::scanner: Discovering "D:\\se_project\\team02\\app\\admin\\budget_approval\\budget_rounds"
2025-12-24T03:21:16.263268Z  INFO scan_sources: tailwindcss_oxide::scanner: Discovering "D:\\se_project\\team02\\app\\admin\\budget_approval\\budget_rounds\\page.tsx"
2025-12-24T03:21:16.263360Z  INFO scan_sources: tailwindcss_oxide::scanner: Discovering "D:\\se_project\\team02\\app\\admin\\budget_approval\\create"
2025-12-24T03:21:16.263463Z  INFO scan_sources: tailwindcss_oxide::scanner: Discovering "D:\\se_project\\team02\\app\\admin\\budget_approval\\create\\page.tsx"
2025-12-24T03:21:16.263554Z  INFO scan_sources: tailwindcss_oxide::scanner: Discovering "D:\\se_project\\team02\\app\\admin\\budget_approval\\edit"
2025-12-24T03:21:16.263653Z  INFO scan_sources: tailwindcss_oxide::scanner: Discovering "D:\\se_project\\team02\\app\\admin\\budget_approval\\edit\\page.tsx"
2025-12-24T03:21:16.263738Z  INFO scan_sources: tailwindcss_oxide::scanner: Discovering "D:\\se_project\\team02\\app\\admin\\budget_approval\\edit\\[id]"
2025-12-24T03:21:16.263835Z  INFO scan_sources: tailwindcss_oxide::scanner: Discovering "D:\\se_project\\team02\\app\\admin\\budget_approval\\edit\\[id]\\page.tsx"
2025-12-24T03:21:16.263949Z  INFO scan_sources: tailwindcss_oxide::scanner: Discovering "D:\\se_project\\team02\\app\\admin\\budget_approval\\page.tsx"
2025-12-24T03:21:16.264041Z  INFO scan_sources: tailwindcss_oxide::scanner: Discovering "D:\\se_project\\team02\\app\\admin\\budget_report"
2025-12-24T03:21:16.264163Z  INFO scan_sources: tailwindcss_oxide::scanner: Discovering "D:\\se_project\\team02\\app\\admin\\budget_report\\create"
2025-12-24T03:21:16.264296Z  INFO scan_sources: tailwindcss_oxide::scanner: Discovering "D:\\se_project\\team02\\app\\admin\\budget_report\\create\\page.tsx"
2025-12-24T03:21:16.264393Z  INFO scan_sources: tailwindcss_oxide::scanner: Discovering "D:\\se_project\\team02\\app\\admin\\budget_report\\edit"
2025-12-24T03:21:16.264491Z  INFO scan_sources: tailwindcss_oxide::scanner: Discovering "D:\\se_project\\team02\\app\\admin\\budget_report\\edit\\page.tsx"
2025-12-24T03:21:16.264566Z  INFO scan_sources: tailwindcss_oxide::scanner: Discovering "D:\\se_project\\team02\\app\\admin\\budget_report\\edit\\[id]"
2025-12-24T03:21:16.264663Z  INFO scan_sources: tailwindcss_oxide::scanner: Discovering "D:\\se_project\\team02\\app\\admin\\budget_report\\edit\\[id]\\page.tsx"
2025-12-24T03:21:16.264765Z  INFO scan_sources: tailwindcss_oxide::scanner: Discovering "D:\\se_project\\team02\\app\\admin\\budget_report\\page.tsx"
2025-12-24T03:21:16.264907Z  INFO scan_sources: tailwindcss_oxide::scanner: Discovering "D:\\se_project\\team02\\app\\admin\\donation"
2025-12-24T03:21:16.265031Z  INFO scan_sources: tailwindcss_oxide::scanner: Discovering "D:\\se_project\\team02\\app\\admin\\donation\\create"
2025-12-24T03:21:16.265132Z  INFO scan_sources: tailwindcss_oxide::scanner: Discovering "D:\\se_project\\team02\\app\\admin\\donation\\create\\page.tsx"
2025-12-24T03:21:16.265196Z  INFO scan_sources: tailwindcss_oxide::scanner: Discovering "D:\\se_project\\team02\\app\\admin\\donation\\page.tsx"
2025-12-24T03:21:16.265268Z  INFO scan_sources: tailwindcss_oxide::scanner: Discovering "D:\\se_project\\team02\\app\\admin\\donation\\projects"
2025-12-24T03:21:16.265364Z  INFO scan_sources: tailwindcss_oxide::scanner: Discovering "D:\\se_project\\team02\\app\\admin\\donation\\projects\\page.tsx"
2025-12-24T03:21:16.265417Z  INFO scan_sources: tailwindcss_oxide::scanner: Discovering "D:\\se_project\\team02\\app\\admin\\donation\\projects\\project-management-ui.tsx"
2025-12-24T03:21:16.265502Z  INFO scan_sources: tailwindcss_oxide::scanner: Discovering "D:\\se_project\\team02\\app\\admin\\donation\\[id]"
2025-12-24T03:21:16.265620Z  INFO scan_sources: tailwindcss_oxide::scanner: Discovering "D:\\se_project\\team02\\app\\admin\\donation\\[id]\\edit"
2025-12-24T03:21:16.265726Z  INFO scan_sources: tailwindcss_oxide::scanner: Discovering "D:\\se_project\\team02\\app\\admin\\donation\\[id]\\edit\\page.tsx"
2025-12-24T03:21:16.265840Z  INFO scan_sources: tailwindcss_oxide::scanner: Discovering "D:\\se_project\\team02\\app\\admin\\job"
2025-12-24T03:21:16.266033Z  INFO scan_sources: tailwindcss_oxide::scanner: Discovering "D:\\se_project\\team02\\app\\admin\\job\\edit"
2025-12-24T03:21:16.266141Z  INFO scan_sources: tailwindcss_oxide::scanner: Discovering "D:\\se_project\\team02\\app\\admin\\job\\edit\\page.tsx"
2025-12-24T03:21:16.266205Z  INFO scan_sources: tailwindcss_oxide::scanner: Discovering "D:\\se_project\\team02\\app\\admin\\job\\page.tsx"
2025-12-24T03:21:16.266306Z  INFO scan_sources: tailwindcss_oxide::scanner: Discovering "D:\\se_project\\team02\\app\\admin\\news"
2025-12-24T03:21:16.266425Z  INFO scan_sources: tailwindcss_oxide::scanner: Discovering "D:\\se_project\\team02\\app\\admin\\news\\appove"
2025-12-24T03:21:16.266534Z  INFO scan_sources: tailwindcss_oxide::scanner: Discovering "D:\\se_project\\team02\\app\\admin\\news\\appove\\page.tsx"
2025-12-24T03:21:16.266621Z  INFO scan_sources: tailwindcss_oxide::scanner: Discovering "D:\\se_project\\team02\\app\\admin\\news\\create"
2025-12-24T03:21:16.266716Z  INFO scan_sources: tailwindcss_oxide::scanner: Discovering "D:\\se_project\\team02\\app\\admin\\news\\create\\page.tsx"
2025-12-24T03:21:16.266779Z  INFO scan_sources: tailwindcss_oxide::scanner: Discovering "D:\\se_project\\team02\\app\\admin\\news\\page.tsx"
2025-12-24T03:21:16.266867Z  INFO scan_sources: tailwindcss_oxide::scanner: Discovering "D:\\se_project\\team02\\app\\admin\\payment"
2025-12-24T03:21:16.266963Z  INFO scan_sources: tailwindcss_oxide::scanner: Discovering "D:\\se_project\\team02\\app\\admin\\payment\\page.tsx"
2025-12-24T03:21:16.267051Z  INFO scan_sources: tailwindcss_oxide::scanner: Discovering "D:\\se_project\\team02\\app\\admin\\souvenir"
2025-12-24T03:21:16.267309Z  INFO scan_sources: tailwindcss_oxide::scanner: Discovering "D:\\se_project\\team02\\app\\admin\\souvenir\\activity"
2025-12-24T03:21:16.267430Z  INFO scan_sources: tailwindcss_oxide::scanner: Discovering "D:\\se_project\\team02\\app\\admin\\souvenir\\activity\\page.tsx"
2025-12-24T03:21:16.267502Z  INFO scan_sources: tailwindcss_oxide::scanner: Discovering "D:\\se_project\\team02\\app\\admin\\souvenir\\AdminSouvenirCarousel.tsx"
2025-12-24T03:21:16.267577Z  INFO scan_sources: tailwindcss_oxide::scanner: Discovering "D:\\se_project\\team02\\app\\admin\\souvenir\\detail"
2025-12-24T03:21:16.267675Z  INFO scan_sources: tailwindcss_oxide::scanner: Discovering "D:\\se_project\\team02\\app\\admin\\souvenir\\detail\\page.tsx"
2025-12-24T03:21:16.267832Z  INFO scan_sources: tailwindcss_oxide::scanner: Discovering "D:\\se_project\\team02\\app\\admin\\souvenir\\donation"
2025-12-24T03:21:16.267939Z  INFO scan_sources: tailwindcss_oxide::scanner: Discovering "D:\\se_project\\team02\\app\\admin\\souvenir\\donation\\page.tsx"
2025-12-24T03:21:16.268002Z  INFO scan_sources: tailwindcss_oxide::scanner: Discovering "D:\\se_project\\team02\\app\\admin\\souvenir\\page.tsx"
2025-12-24T03:21:16.268054Z  INFO scan_sources: tailwindcss_oxide::scanner: Discovering "D:\\se_project\\team02\\app\\admin\\souvenir\\SouvenirDetailForm.tsx"
2025-12-24T03:21:16.268146Z  INFO scan_sources: tailwindcss_oxide::scanner: Discovering "D:\\se_project\\team02\\app\\admin\\talk"
2025-12-24T03:21:16.268246Z  INFO scan_sources: tailwindcss_oxide::scanner: Discovering "D:\\se_project\\team02\\app\\admin\\talk\\page.tsx"
2025-12-24T03:21:16.268340Z  INFO scan_sources: tailwindcss_oxide::scanner: Discovering "D:\\se_project\\team02\\app\\admin\\usermanage"
2025-12-24T03:21:16.268454Z  INFO scan_sources: tailwindcss_oxide::scanner: Discovering "D:\\se_project\\team02\\app\\admin\\usermanage\\page.tsx"
2025-12-24T03:21:16.268506Z  INFO scan_sources: tailwindcss_oxide::scanner: Discovering "D:\\se_project\\team02\\app\\admin\\usermanage\\UserManagementClient.tsx"
2025-12-24T03:21:16.268615Z  INFO scan_sources: tailwindcss_oxide::scanner: Discovering "D:\\se_project\\team02\\app\\api"
2025-12-24T03:21:16.268743Z  INFO scan_sources: tailwindcss_oxide::scanner: Discovering "D:\\se_project\\team02\\app\\api\\admin"
2025-12-24T03:21:16.268891Z  INFO scan_sources: tailwindcss_oxide::scanner: Discovering "D:\\se_project\\team02\\app\\api\\admin\\donations"
2025-12-24T03:21:16.269006Z  INFO scan_sources: tailwindcss_oxide::scanner: Discovering "D:\\se_project\\team02\\app\\api\\admin\\donations\\route.ts"
2025-12-24T03:21:16.269097Z  INFO scan_sources: tailwindcss_oxide::scanner: Discovering "D:\\se_project\\team02\\app\\api\\admin\\events"
2025-12-24T03:21:16.269211Z  INFO scan_sources: tailwindcss_oxide::scanner: Discovering "D:\\se_project\\team02\\app\\api\\admin\\events\\route.ts"
2025-12-24T03:21:16.269294Z  INFO scan_sources: tailwindcss_oxide::scanner: Discovering "D:\\se_project\\team02\\app\\api\\admin\\events\\[id]"
2025-12-24T03:21:16.269435Z  INFO scan_sources: tailwindcss_oxide::scanner: Discovering "D:\\se_project\\team02\\app\\api\\admin\\events\\[id]\\registrations"
2025-12-24T03:21:16.269563Z  INFO scan_sources: tailwindcss_oxide::scanner: Discovering "D:\\se_project\\team02\\app\\api\\admin\\events\\[id]\\registrations\\route.ts"
2025-12-24T03:21:16.269692Z  INFO scan_sources: tailwindcss_oxide::scanner: Discovering "D:\\se_project\\team02\\app\\api\\admin\\news"
2025-12-24T03:21:16.269814Z  INFO scan_sources: tailwindcss_oxide::scanner: Discovering "D:\\se_project\\team02\\app\\api\\admin\\news\\submission"
2025-12-24T03:21:16.269915Z  INFO scan_sources: tailwindcss_oxide::scanner: Discovering "D:\\se_project\\team02\\app\\api\\admin\\news\\submission\\route.ts"
2025-12-24T03:21:16.270019Z  INFO scan_sources: tailwindcss_oxide::scanner: Discovering "D:\\se_project\\team02\\app\\api\\admin\\shipments"
2025-12-24T03:21:16.270138Z  INFO scan_sources: tailwindcss_oxide::scanner: Discovering "D:\\se_project\\team02\\app\\api\\admin\\shipments\\[id]"
2025-12-24T03:21:16.270293Z  INFO scan_sources: tailwindcss_oxide::scanner: Discovering "D:\\se_project\\team02\\app\\api\\admin\\shipments\\[id]\\route.ts"
2025-12-24T03:21:16.270503Z  INFO scan_sources: tailwindcss_oxide::scanner: Discovering "D:\\se_project\\team02\\app\\api\\admin\\souvenir"
2025-12-24T03:21:16.270713Z  INFO scan_sources: tailwindcss_oxide::scanner: Discovering "D:\\se_project\\team02\\app\\api\\admin\\souvenir\\items"
2025-12-24T03:21:16.270829Z  INFO scan_sources: tailwindcss_oxide::scanner: Discovering "D:\\se_project\\team02\\app\\api\\admin\\souvenir\\items\\route.ts"
2025-12-24T03:21:16.270907Z  INFO scan_sources: tailwindcss_oxide::scanner: Discovering "D:\\se_project\\team02\\app\\api\\admin\\souvenir\\items\\[id]"
2025-12-24T03:21:16.271065Z  INFO scan_sources: tailwindcss_oxide::scanner: Discovering "D:\\se_project\\team02\\app\\api\\admin\\souvenir\\items\\[id]\\route.ts"
2025-12-24T03:21:16.271183Z  INFO scan_sources: tailwindcss_oxide::scanner: Discovering "D:\\se_project\\team02\\app\\api\\admin\\souvenir\\link-options"
2025-12-24T03:21:16.271291Z  INFO scan_sources: tailwindcss_oxide::scanner: Discovering "D:\\se_project\\team02\\app\\api\\admin\\souvenir\\link-options\\route.ts"
2025-12-24T03:21:16.271385Z  INFO scan_sources: tailwindcss_oxide::scanner: Discovering "D:\\se_project\\team02\\app\\api\\admin\\souvenir\\redeem"
2025-12-24T03:21:16.271492Z  INFO scan_sources: tailwindcss_oxide::scanner: Discovering "D:\\se_project\\team02\\app\\api\\admin\\souvenir\\redeem\\route.ts"
2025-12-24T03:21:16.271579Z  INFO scan_sources: tailwindcss_oxide::scanner: Discovering "D:\\se_project\\team02\\app\\api\\admin\\souvenir\\shipments"
2025-12-24T03:21:16.271678Z  INFO scan_sources: tailwindcss_oxide::scanner: Discovering "D:\\se_project\\team02\\app\\api\\admin\\souvenir\\shipments\\route.ts"
2025-12-24T03:21:16.271767Z  INFO scan_sources: tailwindcss_oxide::scanner: Discovering "D:\\se_project\\team02\\app\\api\\admin\\souvenir\\shipments\\[id]"
2025-12-24T03:21:16.271872Z  INFO scan_sources: tailwindcss_oxide::scanner: Discovering "D:\\se_project\\team02\\app\\api\\admin\\souvenir\\shipments\\[id]\\route.ts"
2025-12-24T03:21:16.271973Z  INFO scan_sources: tailwindcss_oxide::scanner: Discovering "D:\\se_project\\team02\\app\\api\\admin\\souvenir\\stock"
2025-12-24T03:21:16.272070Z  INFO scan_sources: tailwindcss_oxide::scanner: Discovering "D:\\se_project\\team02\\app\\api\\admin\\souvenir\\stock\\route.ts"
2025-12-24T03:21:16.272175Z  INFO scan_sources: tailwindcss_oxide::scanner: Discovering "D:\\se_project\\team02\\app\\api\\admin\\update-status"
2025-12-24T03:21:16.272274Z  INFO scan_sources: tailwindcss_oxide::scanner: Discovering "D:\\se_project\\team02\\app\\api\\admin\\update-status\\route.ts"
2025-12-24T03:21:16.272398Z  INFO scan_sources: tailwindcss_oxide::scanner: Discovering "D:\\se_project\\team02\\app\\api\\admin\\users"
2025-12-24T03:21:16.272520Z  INFO scan_sources: tailwindcss_oxide::scanner: Discovering "D:\\se_project\\team02\\app\\api\\admin\\users\\route.ts"
2025-12-24T03:21:16.272630Z  INFO scan_sources: tailwindcss_oxide::scanner: Discovering "D:\\se_project\\team02\\app\\api\\auth"
2025-12-24T03:21:16.272773Z  INFO scan_sources: tailwindcss_oxide::scanner: Discovering "D:\\se_project\\team02\\app\\api\\auth\\forgot-password"
2025-12-24T03:21:16.272879Z  INFO scan_sources: tailwindcss_oxide::scanner: Discovering "D:\\se_project\\team02\\app\\api\\auth\\forgot-password\\route.ts"
2025-12-24T03:21:16.272984Z  INFO scan_sources: tailwindcss_oxide::scanner: Discovering "D:\\se_project\\team02\\app\\api\\auth\\login"
2025-12-24T03:21:16.273085Z  INFO scan_sources: tailwindcss_oxide::scanner: Discovering "D:\\se_project\\team02\\app\\api\\auth\\login\\route.ts"
2025-12-24T03:21:16.273172Z  INFO scan_sources: tailwindcss_oxide::scanner: Discovering "D:\\se_project\\team02\\app\\api\\auth\\logout"
2025-12-24T03:21:16.273273Z  INFO scan_sources: tailwindcss_oxide::scanner: Discovering "D:\\se_project\\team02\\app\\api\\auth\\logout\\route.ts"
2025-12-24T03:21:16.273365Z  INFO scan_sources: tailwindcss_oxide::scanner: Discovering "D:\\se_project\\team02\\app\\api\\auth\\me"
2025-12-24T03:21:16.273478Z  INFO scan_sources: tailwindcss_oxide::scanner: Discovering "D:\\se_project\\team02\\app\\api\\auth\\me\\route.ts"
2025-12-24T03:21:16.273566Z  INFO scan_sources: tailwindcss_oxide::scanner: Discovering "D:\\se_project\\team02\\app\\api\\auth\\register"
2025-12-24T03:21:16.273665Z  INFO scan_sources: tailwindcss_oxide::scanner: Discovering "D:\\se_project\\team02\\app\\api\\auth\\register\\route.ts"
2025-12-24T03:21:16.273752Z  INFO scan_sources: tailwindcss_oxide::scanner: Discovering "D:\\se_project\\team02\\app\\api\\auth\\reset-password"
2025-12-24T03:21:16.273851Z  INFO scan_sources: tailwindcss_oxide::scanner: Discovering "D:\\se_project\\team02\\app\\api\\auth\\reset-password\\route.ts"
2025-12-24T03:21:16.273976Z  INFO scan_sources: tailwindcss_oxide::scanner: Discovering "D:\\se_project\\team02\\app\\api\\auth\\rount.test.ts"
2025-12-24T03:21:16.274074Z  INFO scan_sources: tailwindcss_oxide::scanner: Discovering "D:\\se_project\\team02\\app\\api\\booking"
2025-12-24T03:21:16.274182Z  INFO scan_sources: tailwindcss_oxide::scanner: Discovering "D:\\se_project\\team02\\app\\api\\booking\\route.ts"
2025-12-24T03:21:16.274275Z  INFO scan_sources: tailwindcss_oxide::scanner: Discovering "D:\\se_project\\team02\\app\\api\\booking-form"
2025-12-24T03:21:16.274389Z  INFO scan_sources: tailwindcss_oxide::scanner: Discovering "D:\\se_project\\team02\\app\\api\\booking-form\\route.ts"
2025-12-24T03:21:16.274482Z  INFO scan_sources: tailwindcss_oxide::scanner: Discovering "D:\\se_project\\team02\\app\\api\\budget-report"
2025-12-24T03:21:16.274630Z  INFO scan_sources: tailwindcss_oxide::scanner: Discovering "D:\\se_project\\team02\\app\\api\\budget-report\\approved-projects"
2025-12-24T03:21:16.274733Z  INFO scan_sources: tailwindcss_oxide::scanner: Discovering "D:\\se_project\\team02\\app\\api\\budget-report\\approved-projects\\route.ts"
2025-12-24T03:21:16.274829Z  INFO scan_sources: tailwindcss_oxide::scanner: Discovering "D:\\se_project\\team02\\app\\api\\budget-report\\restore"
2025-12-24T03:21:16.274933Z  INFO scan_sources: tailwindcss_oxide::scanner: Discovering "D:\\se_project\\team02\\app\\api\\budget-report\\restore\\route.ts"
2025-12-24T03:21:16.274997Z  INFO scan_sources: tailwindcss_oxide::scanner: Discovering "D:\\se_project\\team02\\app\\api\\budget-report\\route.ts"
2025-12-24T03:21:16.275084Z  INFO scan_sources: tailwindcss_oxide::scanner: Discovering "D:\\se_project\\team02\\app\\api\\budget-round"
2025-12-24T03:21:16.275190Z  INFO scan_sources: tailwindcss_oxide::scanner: Discovering "D:\\se_project\\team02\\app\\api\\budget-round\\route.ts"
2025-12-24T03:21:16.275281Z  INFO scan_sources: tailwindcss_oxide::scanner: Discovering "D:\\se_project\\team02\\app\\api\\check-env"
2025-12-24T03:21:16.275390Z  INFO scan_sources: tailwindcss_oxide::scanner: Discovering "D:\\se_project\\team02\\app\\api\\check-env\\route.ts"
2025-12-24T03:21:16.275478Z  INFO scan_sources: tailwindcss_oxide::scanner: Discovering "D:\\se_project\\team02\\app\\api\\content"
2025-12-24T03:21:16.275575Z  INFO scan_sources: tailwindcss_oxide::scanner: Discovering "D:\\se_project\\team02\\app\\api\\content\\route.ts"
2025-12-24T03:21:16.275647Z  INFO scan_sources: tailwindcss_oxide::scanner: Discovering "D:\\se_project\\team02\\app\\api\\content\\[id]"
2025-12-24T03:21:16.275762Z  INFO scan_sources: tailwindcss_oxide::scanner: Discovering "D:\\se_project\\team02\\app\\api\\content\\[id]\\registrations"
2025-12-24T03:21:16.275860Z  INFO scan_sources: tailwindcss_oxide::scanner: Discovering "D:\\se_project\\team02\\app\\api\\content\\[id]\\registrations\\route.ts"
2025-12-24T03:21:16.275972Z  INFO scan_sources: tailwindcss_oxide::scanner: Discovering "D:\\se_project\\team02\\app\\api\\donation-project"
2025-12-24T03:21:16.276068Z  INFO scan_sources: tailwindcss_oxide::scanner: Discovering "D:\\se_project\\team02\\app\\api\\donation-project\\route.ts"
2025-12-24T03:21:16.276141Z  INFO scan_sources: tailwindcss_oxide::scanner: Discovering "D:\\se_project\\team02\\app\\api\\donation-project\\upload-poster"
2025-12-24T03:21:16.276241Z  INFO scan_sources: tailwindcss_oxide::scanner: Discovering "D:\\se_project\\team02\\app\\api\\donation-project\\upload-poster\\route.ts"
2025-12-24T03:21:16.276327Z  INFO scan_sources: tailwindcss_oxide::scanner: Discovering "D:\\se_project\\team02\\app\\api\\donation-project\\[id]"
2025-12-24T03:21:16.276432Z  INFO scan_sources: tailwindcss_oxide::scanner: Discovering "D:\\se_project\\team02\\app\\api\\donation-project\\[id]\\route.ts"
2025-12-24T03:21:16.276532Z  INFO scan_sources: tailwindcss_oxide::scanner: Discovering "D:\\se_project\\team02\\app\\api\\donation-transaction"
2025-12-24T03:21:16.276639Z  INFO scan_sources: tailwindcss_oxide::scanner: Discovering "D:\\se_project\\team02\\app\\api\\donation-transaction\\route.ts"
2025-12-24T03:21:16.276730Z  INFO scan_sources: tailwindcss_oxide::scanner: Discovering "D:\\se_project\\team02\\app\\api\\forum"
2025-12-24T03:21:16.276844Z  INFO scan_sources: tailwindcss_oxide::scanner: Discovering "D:\\se_project\\team02\\app\\api\\forum\\category"
2025-12-24T03:21:16.276938Z  INFO scan_sources: tailwindcss_oxide::scanner: Discovering "D:\\se_project\\team02\\app\\api\\forum\\category\\route.ts"
2025-12-24T03:21:16.277035Z  INFO scan_sources: tailwindcss_oxide::scanner: Discovering "D:\\se_project\\team02\\app\\api\\forum\\comment"
2025-12-24T03:21:16.277131Z  INFO scan_sources: tailwindcss_oxide::scanner: Discovering "D:\\se_project\\team02\\app\\api\\forum\\comment\\route.ts"
2025-12-24T03:21:16.277216Z  INFO scan_sources: tailwindcss_oxide::scanner: Discovering "D:\\se_project\\team02\\app\\api\\forum\\topic"
2025-12-24T03:21:16.277313Z  INFO scan_sources: tailwindcss_oxide::scanner: Discovering "D:\\se_project\\team02\\app\\api\\forum\\topic\\route.ts"
2025-12-24T03:21:16.277395Z  INFO scan_sources: tailwindcss_oxide::scanner: Discovering "D:\\se_project\\team02\\app\\api\\forum\\topic\\[id]"
2025-12-24T03:21:16.277491Z  INFO scan_sources: tailwindcss_oxide::scanner: Discovering "D:\\se_project\\team02\\app\\api\\forum\\topic\\[id]\\route.ts"
2025-12-24T03:21:16.277601Z  INFO scan_sources: tailwindcss_oxide::scanner: Discovering "D:\\se_project\\team02\\app\\api\\fund-projects"
2025-12-24T03:21:16.277695Z  INFO scan_sources: tailwindcss_oxide::scanner: Discovering "D:\\se_project\\team02\\app\\api\\fund-projects\\route.ts"
2025-12-24T03:21:16.277767Z  INFO scan_sources: tailwindcss_oxide::scanner: Discovering "D:\\se_project\\team02\\app\\api\\fund-projects\\[id]"
2025-12-24T03:21:16.277861Z  INFO scan_sources: tailwindcss_oxide::scanner: Discovering "D:\\se_project\\team02\\app\\api\\fund-projects\\[id]\\route.ts"
2025-12-24T03:21:16.277961Z  INFO scan_sources: tailwindcss_oxide::scanner: Discovering "D:\\se_project\\team02\\app\\api\\payment-method"
2025-12-24T03:21:16.278059Z  INFO scan_sources: tailwindcss_oxide::scanner: Discovering "D:\\se_project\\team02\\app\\api\\payment-method\\route.ts"
2025-12-24T03:21:16.278170Z  INFO scan_sources: tailwindcss_oxide::scanner: Discovering "D:\\se_project\\team02\\app\\api\\project-manager"
2025-12-24T03:21:16.278268Z  INFO scan_sources: tailwindcss_oxide::scanner: Discovering "D:\\se_project\\team02\\app\\api\\project-manager\\route.ts"
2025-12-24T03:21:16.278354Z  INFO scan_sources: tailwindcss_oxide::scanner: Discovering "D:\\se_project\\team02\\app\\api\\project-proposal"
2025-12-24T03:21:16.278452Z  INFO scan_sources: tailwindcss_oxide::scanner: Discovering "D:\\se_project\\team02\\app\\api\\project-proposal\\route.ts"
2025-12-24T03:21:16.278537Z  INFO scan_sources: tailwindcss_oxide::scanner: Discovering "D:\\se_project\\team02\\app\\api\\project-vote"
2025-12-24T03:21:16.278637Z  INFO scan_sources: tailwindcss_oxide::scanner: Discovering "D:\\se_project\\team02\\app\\api\\project-vote\\route.ts"
2025-12-24T03:21:16.278723Z  INFO scan_sources: tailwindcss_oxide::scanner: Discovering "D:\\se_project\\team02\\app\\api\\souvenir"
2025-12-24T03:21:16.278835Z  INFO scan_sources: tailwindcss_oxide::scanner: Discovering "D:\\se_project\\team02\\app\\api\\souvenir\\items"
2025-12-24T03:21:16.278929Z  INFO scan_sources: tailwindcss_oxide::scanner: Discovering "D:\\se_project\\team02\\app\\api\\souvenir\\items\\route.ts"
2025-12-24T03:21:16.279027Z  INFO scan_sources: tailwindcss_oxide::scanner: Discovering "D:\\se_project\\team02\\app\\api\\test"
2025-12-24T03:21:16.279119Z  INFO scan_sources: tailwindcss_oxide::scanner: Discovering "D:\\se_project\\team02\\app\\api\\test\\route.ts"
2025-12-24T03:21:16.279204Z  INFO scan_sources: tailwindcss_oxide::scanner: Discovering "D:\\se_project\\team02\\app\\api\\test-gmail"
2025-12-24T03:21:16.279300Z  INFO scan_sources: tailwindcss_oxide::scanner: Discovering "D:\\se_project\\team02\\app\\api\\test-gmail\\route.ts"
2025-12-24T03:21:16.279448Z  INFO scan_sources: tailwindcss_oxide::scanner: Discovering "D:\\se_project\\team02\\app\\api\\upload"
2025-12-24T03:21:16.279550Z  INFO scan_sources: tailwindcss_oxide::scanner: Discovering "D:\\se_project\\team02\\app\\api\\upload\\route.ts"
2025-12-24T03:21:16.279637Z  INFO scan_sources: tailwindcss_oxide::scanner: Discovering "D:\\se_project\\team02\\app\\api\\user"
2025-12-24T03:21:16.279751Z  INFO scan_sources: tailwindcss_oxide::scanner: Discovering "D:\\se_project\\team02\\app\\api\\user\\news"
2025-12-24T03:21:16.279865Z  INFO scan_sources: tailwindcss_oxide::scanner: Discovering "D:\\se_project\\team02\\app\\api\\user\\news\\submission"
2025-12-24T03:21:16.279962Z  INFO scan_sources: tailwindcss_oxide::scanner: Discovering "D:\\se_project\\team02\\app\\api\\user\\news\\submission\\route.ts"
2025-12-24T03:21:16.280060Z  INFO scan_sources: tailwindcss_oxide::scanner: Discovering "D:\\se_project\\team02\\app\\api\\user\\profile"
2025-12-24T03:21:16.280156Z  INFO scan_sources: tailwindcss_oxide::scanner: Discovering "D:\\se_project\\team02\\app\\api\\user\\profile\\route.ts"
2025-12-24T03:21:16.280277Z  INFO scan_sources: tailwindcss_oxide::scanner: Discovering "D:\\se_project\\team02\\app\\auth"
2025-12-24T03:21:16.280412Z  INFO scan_sources: tailwindcss_oxide::scanner: Discovering "D:\\se_project\\team02\\app\\auth\\forgot-password"
2025-12-24T03:21:16.280510Z  INFO scan_sources: tailwindcss_oxide::scanner: Discovering "D:\\se_project\\team02\\app\\auth\\forgot-password\\ForgotPasswordClient.tsx"
2025-12-24T03:21:16.280560Z  INFO scan_sources: tailwindcss_oxide::scanner: Discovering "D:\\se_project\\team02\\app\\auth\\forgot-password\\page.tsx"
2025-12-24T03:21:16.280645Z  INFO scan_sources: tailwindcss_oxide::scanner: Discovering "D:\\se_project\\team02\\app\\auth\\login"
2025-12-24T03:21:16.280748Z  INFO scan_sources: tailwindcss_oxide::scanner: Discovering "D:\\se_project\\team02\\app\\auth\\login\\LoginClient.tsx"
2025-12-24T03:21:16.280796Z  INFO scan_sources: tailwindcss_oxide::scanner: Discovering "D:\\se_project\\team02\\app\\auth\\login\\page.tsx"
2025-12-24T03:21:16.280881Z  INFO scan_sources: tailwindcss_oxide::scanner: Discovering "D:\\se_project\\team02\\app\\auth\\register"
2025-12-24T03:21:16.280977Z  INFO scan_sources: tailwindcss_oxide::scanner: Discovering "D:\\se_project\\team02\\app\\auth\\register\\page.tsx"
2025-12-24T03:21:16.281062Z  INFO scan_sources: tailwindcss_oxide::scanner: Discovering "D:\\se_project\\team02\\app\\auth\\reset-password"
2025-12-24T03:21:16.281174Z  INFO scan_sources: tailwindcss_oxide::scanner: Discovering "D:\\se_project\\team02\\app\\auth\\reset-password\\page.tsx"
2025-12-24T03:21:16.281226Z  INFO scan_sources: tailwindcss_oxide::scanner: Discovering "D:\\se_project\\team02\\app\\auth\\reset-password\\ResetPasswordClient.tsx"
2025-12-24T03:21:16.281325Z  INFO scan_sources: tailwindcss_oxide::scanner: Discovering "D:\\se_project\\team02\\app\\components"
2025-12-24T03:21:16.281448Z  INFO scan_sources: tailwindcss_oxide::scanner: Discovering "D:\\se_project\\team02\\app\\components\\layout"
2025-12-24T03:21:16.281540Z  INFO scan_sources: tailwindcss_oxide::scanner: Discovering "D:\\se_project\\team02\\app\\components\\layout\\Footer.tsx"
2025-12-24T03:21:16.281587Z  INFO scan_sources: tailwindcss_oxide::scanner: Discovering "D:\\se_project\\team02\\app\\components\\layout\\Navbar.tsx"
2025-12-24T03:21:16.281672Z  INFO scan_sources: tailwindcss_oxide::scanner: Discovering "D:\\se_project\\team02\\app\\components\\tables"
2025-12-24T03:21:16.281764Z  INFO scan_sources: tailwindcss_oxide::scanner: Discovering "D:\\se_project\\team02\\app\\components\\tables\\Table.tsx"
2025-12-24T03:21:16.281853Z  INFO scan_sources: tailwindcss_oxide::scanner: Discovering "D:\\se_project\\team02\\app\\components\\ui"
2025-12-24T03:21:16.281958Z  INFO scan_sources: tailwindcss_oxide::scanner: Discovering "D:\\se_project\\team02\\app\\components\\ui\\BudgetReportCard.tsx"
2025-12-24T03:21:16.282006Z  INFO scan_sources: tailwindcss_oxide::scanner: Discovering "D:\\se_project\\team02\\app\\components\\ui\\Button.tsx"
2025-12-24T03:21:16.282059Z  INFO scan_sources: tailwindcss_oxide::scanner: Discovering "D:\\se_project\\team02\\app\\components\\ui\\Card.tsx"
2025-12-24T03:21:16.282109Z  INFO scan_sources: tailwindcss_oxide::scanner: Discovering "D:\\se_project\\team02\\app\\components\\ui\\ConfirmModal.tsx"
2025-12-24T03:21:16.282157Z  INFO scan_sources: tailwindcss_oxide::scanner: Discovering "D:\\se_project\\team02\\app\\components\\ui\\CreateBudgetRoundModal.tsx"
2025-12-24T03:21:16.282204Z  INFO scan_sources: tailwindcss_oxide::scanner: Discovering "D:\\se_project\\team02\\app\\components\\ui\\Input.tsx"
2025-12-24T03:21:16.282252Z  INFO scan_sources: tailwindcss_oxide::scanner: Discovering "D:\\se_project\\team02\\app\\components\\ui\\InputIcon.tsx"
2025-12-24T03:21:16.282300Z  INFO scan_sources: tailwindcss_oxide::scanner: Discovering "D:\\se_project\\team02\\app\\components\\ui\\InputTextArea.tsx"
2025-12-24T03:21:16.282345Z  INFO scan_sources: tailwindcss_oxide::scanner: Discovering "D:\\se_project\\team02\\app\\components\\ui\\ProjectCard.tsx"
2025-12-24T03:21:16.282416Z  INFO scan_sources: tailwindcss_oxide::scanner: Discovering "D:\\se_project\\team02\\app\\components\\ui\\SuccessModal.tsx"
2025-12-24T03:21:16.282522Z  INFO scan_sources: tailwindcss_oxide::scanner: Discovering "D:\\se_project\\team02\\app\\globals.css"
2025-12-24T03:21:16.282569Z  INFO scan_sources: tailwindcss_oxide::scanner: Discovering "D:\\se_project\\team02\\app\\layout.tsx"
2025-12-24T03:21:16.282665Z  INFO scan_sources: tailwindcss_oxide::scanner: Discovering "D:\\se_project\\team02\\app\\lib"
2025-12-24T03:21:16.282784Z  INFO scan_sources: tailwindcss_oxide::scanner: Discovering "D:\\se_project\\team02\\app\\lib\\nodemailer.ts"
2025-12-24T03:21:16.282834Z  INFO scan_sources: tailwindcss_oxide::scanner: Discovering "D:\\se_project\\team02\\app\\lib\\prisma.ts"
2025-12-24T03:21:16.282894Z  INFO scan_sources: tailwindcss_oxide::scanner: Discovering "D:\\se_project\\team02\\app\\lib\\rate-limit.ts"
2025-12-24T03:21:16.282944Z  INFO scan_sources: tailwindcss_oxide::scanner: Discovering "D:\\se_project\\team02\\app\\lib\\utils.ts"
2025-12-24T03:21:16.282994Z  INFO scan_sources: tailwindcss_oxide::scanner: Discovering "D:\\se_project\\team02\\app\\lib\\validation.ts"
2025-12-24T03:21:16.283057Z  INFO scan_sources: tailwindcss_oxide::scanner: Discovering "D:\\se_project\\team02\\app\\page.tsx"
2025-12-24T03:21:16.283131Z  INFO scan_sources: tailwindcss_oxide::scanner: Discovering "D:\\se_project\\team02\\app\\types"
2025-12-24T03:21:16.283231Z  INFO scan_sources: tailwindcss_oxide::scanner: Discovering "D:\\se_project\\team02\\app\\types\\budget_approval.ts"
2025-12-24T03:21:16.283283Z  INFO scan_sources: tailwindcss_oxide::scanner: Discovering "D:\\se_project\\team02\\app\\types\\budget_report.ts"
2025-12-24T03:21:16.283369Z  INFO scan_sources: tailwindcss_oxide::scanner: Discovering "D:\\se_project\\team02\\app\\user"
2025-12-24T03:21:16.283492Z  INFO scan_sources: tailwindcss_oxide::scanner: Discovering "D:\\se_project\\team02\\app\\user\\booking"
2025-12-24T03:21:16.283588Z  INFO scan_sources: tailwindcss_oxide::scanner: Discovering "D:\\se_project\\team02\\app\\user\\booking\\page.tsx"
2025-12-24T03:21:16.283676Z  INFO scan_sources: tailwindcss_oxide::scanner: Discovering "D:\\se_project\\team02\\app\\user\\budget"
2025-12-24T03:21:16.284164Z  INFO scan_sources: tailwindcss_oxide::scanner: Discovering "D:\\se_project\\team02\\app\\user\\budget\\page.tsx"
2025-12-24T03:21:16.284543Z  INFO scan_sources: tailwindcss_oxide::scanner: Discovering "D:\\se_project\\team02\\app\\user\\donation"
2025-12-24T03:21:16.285127Z  INFO scan_sources: tailwindcss_oxide::scanner: Discovering "D:\\se_project\\team02\\app\\user\\donation\\donate.tsx"
2025-12-24T03:21:16.285477Z  INFO scan_sources: tailwindcss_oxide::scanner: Discovering "D:\\se_project\\team02\\app\\user\\donation\\form"
2025-12-24T03:21:16.285652Z  INFO scan_sources: tailwindcss_oxide::scanner: Discovering "D:\\se_project\\team02\\app\\user\\donation\\form\\page.tsx"
2025-12-24T03:21:16.285790Z  INFO scan_sources: tailwindcss_oxide::scanner: Discovering "D:\\se_project\\team02\\app\\user\\donation\\page.tsx"
2025-12-24T03:21:16.285874Z  INFO scan_sources: tailwindcss_oxide::scanner: Discovering "D:\\se_project\\team02\\app\\user\\donation\\[id]"
2025-12-24T03:21:16.285996Z  INFO scan_sources: tailwindcss_oxide::scanner: Discovering "D:\\se_project\\team02\\app\\user\\donation\\[id]\\page.tsx"
2025-12-24T03:21:16.286111Z  INFO scan_sources: tailwindcss_oxide::scanner: Discovering "D:\\se_project\\team02\\app\\user\\donation-budget"
2025-12-24T03:21:16.286244Z  INFO scan_sources: tailwindcss_oxide::scanner: Discovering "D:\\se_project\\team02\\app\\user\\donation-budget\\detail"
2025-12-24T03:21:16.286349Z  INFO scan_sources: tailwindcss_oxide::scanner: Discovering "D:\\se_project\\team02\\app\\user\\donation-budget\\detail\\page.tsx"
2025-12-24T03:21:16.286438Z  INFO scan_sources: tailwindcss_oxide::scanner: Discovering "D:\\se_project\\team02\\app\\user\\donation-budget\\from"
2025-12-24T03:21:16.286539Z  INFO scan_sources: tailwindcss_oxide::scanner: Discovering "D:\\se_project\\team02\\app\\user\\donation-budget\\from\\page.tsx"
2025-12-24T03:21:16.286604Z  INFO scan_sources: tailwindcss_oxide::scanner: Discovering "D:\\se_project\\team02\\app\\user\\donation-budget\\fund.tsx"
2025-12-24T03:21:16.286700Z  INFO scan_sources: tailwindcss_oxide::scanner: Discovering "D:\\se_project\\team02\\app\\user\\editprofile"
2025-12-24T03:21:16.286805Z  INFO scan_sources: tailwindcss_oxide::scanner: Discovering "D:\\se_project\\team02\\app\\user\\editprofile\\page.tsx"
2025-12-24T03:21:16.286896Z  INFO scan_sources: tailwindcss_oxide::scanner: Discovering "D:\\se_project\\team02\\app\\user\\job"
2025-12-24T03:21:16.287034Z  INFO scan_sources: tailwindcss_oxide::scanner: Discovering "D:\\se_project\\team02\\app\\user\\job\\create"
2025-12-24T03:21:16.287147Z  INFO scan_sources: tailwindcss_oxide::scanner: Discovering "D:\\se_project\\team02\\app\\user\\job\\create\\page.tsx"
2025-12-24T03:21:16.287244Z  INFO scan_sources: tailwindcss_oxide::scanner: Discovering "D:\\se_project\\team02\\app\\user\\job\\detail"
2025-12-24T03:21:16.287353Z  INFO scan_sources: tailwindcss_oxide::scanner: Discovering "D:\\se_project\\team02\\app\\user\\job\\detail\\page.tsx"
2025-12-24T03:21:16.287418Z  INFO scan_sources: tailwindcss_oxide::scanner: Discovering "D:\\se_project\\team02\\app\\user\\job\\page.tsx"
2025-12-24T03:21:16.287509Z  INFO scan_sources: tailwindcss_oxide::scanner: Discovering "D:\\se_project\\team02\\app\\user\\news"
2025-12-24T03:21:16.287628Z  INFO scan_sources: tailwindcss_oxide::scanner: Discovering "D:\\se_project\\team02\\app\\user\\news\\page.tsx"
2025-12-24T03:21:16.287704Z  INFO scan_sources: tailwindcss_oxide::scanner: Discovering "D:\\se_project\\team02\\app\\user\\news\\submission"
2025-12-24T03:21:16.287859Z  INFO scan_sources: tailwindcss_oxide::scanner: Discovering "D:\\se_project\\team02\\app\\user\\news\\submission\\page.tsx"
2025-12-24T03:21:16.288024Z  INFO scan_sources: tailwindcss_oxide::scanner: Discovering "D:\\se_project\\team02\\app\\user\\news\\[slug]"
2025-12-24T03:21:16.288167Z  INFO scan_sources: tailwindcss_oxide::scanner: Discovering "D:\\se_project\\team02\\app\\user\\news\\[slug]\\page.tsx"
2025-12-24T03:21:16.288344Z  INFO scan_sources: tailwindcss_oxide::scanner: Discovering "D:\\se_project\\team02\\app\\user\\payment"
2025-12-24T03:21:16.288567Z  INFO scan_sources: tailwindcss_oxide::scanner: Discovering "D:\\se_project\\team02\\app\\user\\payment\\page.tsx"
2025-12-24T03:21:16.288677Z  INFO scan_sources: tailwindcss_oxide::scanner: Discovering "D:\\se_project\\team02\\app\\user\\souvenir"
2025-12-24T03:21:16.288798Z  INFO scan_sources: tailwindcss_oxide::scanner: Discovering "D:\\se_project\\team02\\app\\user\\souvenir\\page.tsx"
2025-12-24T03:21:16.288851Z  INFO scan_sources: tailwindcss_oxide::scanner: Discovering "D:\\se_project\\team02\\app\\user\\souvenir\\SouvenirSection.tsx"
2025-12-24T03:21:16.288956Z  INFO scan_sources: tailwindcss_oxide::scanner: Discovering "D:\\se_project\\team02\\app\\user\\talk"
2025-12-24T03:21:16.289083Z  INFO scan_sources: tailwindcss_oxide::scanner: Discovering "D:\\se_project\\team02\\app\\user\\talk\\create"
2025-12-24T03:21:16.289184Z  INFO scan_sources: tailwindcss_oxide::scanner: Discovering "D:\\se_project\\team02\\app\\user\\talk\\create\\page.tsx"
2025-12-24T03:21:16.289279Z  INFO scan_sources: tailwindcss_oxide::scanner: Discovering "D:\\se_project\\team02\\app\\user\\talk\\page.tsx"
2025-12-24T03:21:16.289384Z  INFO scan_sources: tailwindcss_oxide::scanner: Discovering "D:\\se_project\\team02\\app\\user\\vote"
2025-12-24T03:21:16.289677Z  INFO scan_sources: tailwindcss_oxide::scanner: Discovering "D:\\se_project\\team02\\app\\user\\vote\\page.tsx"
2025-12-24T03:21:16.289844Z  INFO scan_sources: tailwindcss_oxide::scanner: Discovering "D:\\se_project\\team02\\azure"
2025-12-24T03:21:16.289961Z  INFO scan_sources: tailwindcss_oxide::scanner: Discovering "D:\\se_project\\team02\\azure\\cloud-init.yml"
2025-12-24T03:21:16.290018Z  INFO scan_sources: tailwindcss_oxide::scanner: Discovering "D:\\se_project\\team02\\azure\\create-azure-vm.sh"
2025-12-24T03:21:16.290088Z  INFO scan_sources: tailwindcss_oxide::scanner: Discovering "D:\\se_project\\team02\\BOOKING_SYSTEM.md"
2025-12-24T03:21:16.290179Z  INFO scan_sources: tailwindcss_oxide::scanner: Discovering "D:\\se_project\\team02\\components"
2025-12-24T03:21:16.290321Z  INFO scan_sources: tailwindcss_oxide::scanner: Discovering "D:\\se_project\\team02\\components\\ui"
2025-12-24T03:21:16.290443Z  INFO scan_sources: tailwindcss_oxide::scanner: Discovering "D:\\se_project\\team02\\components\\ui\\button.tsx"
2025-12-24T03:21:16.290524Z  INFO scan_sources: tailwindcss_oxide::scanner: Discovering "D:\\se_project\\team02\\components.json"
2025-12-24T03:21:16.290604Z  INFO scan_sources: tailwindcss_oxide::scanner: Discovering "D:\\se_project\\team02\\constants"
2025-12-24T03:21:16.290723Z  INFO scan_sources: tailwindcss_oxide::scanner: Discovering "D:\\se_project\\team02\\constants\\category.ts"
2025-12-24T03:21:16.290796Z  INFO scan_sources: tailwindcss_oxide::scanner: Discovering "D:\\se_project\\team02\\DEPLOYMENT_GUIDE.md"
2025-12-24T03:21:16.290849Z  INFO scan_sources: tailwindcss_oxide::scanner: Discovering "D:\\se_project\\team02\\docker-compose.prod.yml"
2025-12-24T03:21:16.290897Z  INFO scan_sources: tailwindcss_oxide::scanner: Discovering "D:\\se_project\\team02\\docker-compose.yml"
2025-12-24T03:21:16.290945Z  INFO scan_sources: tailwindcss_oxide::scanner: Discovering "D:\\se_project\\team02\\Dockerfile"
2025-12-24T03:21:16.290994Z  INFO scan_sources: tailwindcss_oxide::scanner: Discovering "D:\\se_project\\team02\\eslint.config.mjs"
2025-12-24T03:21:16.291040Z  INFO scan_sources: tailwindcss_oxide::scanner: Discovering "D:\\se_project\\team02\\git"
2025-12-24T03:21:16.291090Z  INFO scan_sources: tailwindcss_oxide::scanner: Discovering "D:\\se_project\\team02\\jest.config.js"
2025-12-24T03:21:16.291162Z  INFO scan_sources: tailwindcss_oxide::scanner: Discovering "D:\\se_project\\team02\\lib"
2025-12-24T03:21:16.291278Z  INFO scan_sources: tailwindcss_oxide::scanner: Discovering "D:\\se_project\\team02\\lib\\utils.ts"
2025-12-24T03:21:16.291346Z  INFO scan_sources: tailwindcss_oxide::scanner: Discovering "D:\\se_project\\team02\\middleware.ts"
2025-12-24T03:21:16.291400Z  INFO scan_sources: tailwindcss_oxide::scanner: Discovering "D:\\se_project\\team02\\next.config.ts"
2025-12-24T03:21:16.291563Z  INFO scan_sources: tailwindcss_oxide::scanner: Discovering "D:\\se_project\\team02\\package.json"
2025-12-24T03:21:16.291614Z  INFO scan_sources: tailwindcss_oxide::scanner: Discovering "D:\\se_project\\team02\\postcss.config.mjs"
2025-12-24T03:21:16.291687Z  INFO scan_sources: tailwindcss_oxide::scanner: Discovering "D:\\se_project\\team02\\prisma"
2025-12-24T03:21:16.291823Z  INFO scan_sources: tailwindcss_oxide::scanner: Discovering "D:\\se_project\\team02\\prisma\\migrations"
2025-12-24T03:21:16.291970Z  INFO scan_sources: tailwindcss_oxide::scanner: Discovering "D:\\se_project\\team02\\prisma\\migrations\\20251110101614_init"
2025-12-24T03:21:16.292102Z  INFO scan_sources: tailwindcss_oxide::scanner: Discovering "D:\\se_project\\team02\\prisma\\migrations\\20251110101614_init\\migration.sql"
2025-12-24T03:21:16.292207Z  INFO scan_sources: tailwindcss_oxide::scanner: Discovering "D:\\se_project\\team02\\prisma\\migrations\\20251115160744_init_auth"
2025-12-24T03:21:16.292322Z  INFO scan_sources: tailwindcss_oxide::scanner: Discovering "D:\\se_project\\team02\\prisma\\migrations\\20251115160744_init_auth\\migration.sql"
2025-12-24T03:21:16.292423Z  INFO scan_sources: tailwindcss_oxide::scanner: Discovering "D:\\se_project\\team02\\prisma\\migrations\\20251116110230_add_education_and_verification_tables"
2025-12-24T03:21:16.292538Z  INFO scan_sources: tailwindcss_oxide::scanner: Discovering "D:\\se_project\\team02\\prisma\\migrations\\20251116110230_add_education_and_verification_tables\\migration.sql"
2025-12-24T03:21:16.292647Z  INFO scan_sources: tailwindcss_oxide::scanner: Discovering "D:\\se_project\\team02\\prisma\\migrations\\20251126205101_add_submission"
2025-12-24T03:21:16.292751Z  INFO scan_sources: tailwindcss_oxide::scanner: Discovering "D:\\se_project\\team02\\prisma\\migrations\\20251126205101_add_submission\\migration.sql"
2025-12-24T03:21:16.292856Z  INFO scan_sources: tailwindcss_oxide::scanner: Discovering "D:\\se_project\\team02\\prisma\\migrations\\20251126213836_some_meaningful_name"
2025-12-24T03:21:16.292961Z  INFO scan_sources: tailwindcss_oxide::scanner: Discovering "D:\\se_project\\team02\\prisma\\migrations\\20251126213836_some_meaningful_name\\migration.sql"
2025-12-24T03:21:16.293050Z  INFO scan_sources: tailwindcss_oxide::scanner: Discovering "D:\\se_project\\team02\\prisma\\migrations\\20251205043711_create_donation_models"
2025-12-24T03:21:16.293150Z  INFO scan_sources: tailwindcss_oxide::scanner: Discovering "D:\\se_project\\team02\\prisma\\migrations\\20251205043711_create_donation_models\\migration.sql"
2025-12-24T03:21:16.293242Z  INFO scan_sources: tailwindcss_oxide::scanner: Discovering "D:\\se_project\\team02\\prisma\\migrations\\20251205080712_add_souvenir_system"
2025-12-24T03:21:16.293360Z  INFO scan_sources: tailwindcss_oxide::scanner: Discovering "D:\\se_project\\team02\\prisma\\migrations\\20251205080712_add_souvenir_system\\migration.sql"
2025-12-24T03:21:16.293458Z  INFO scan_sources: tailwindcss_oxide::scanner: Discovering "D:\\se_project\\team02\\prisma\\migrations\\20251205095840_add_booking_content_management_system"
2025-12-24T03:21:16.293566Z  INFO scan_sources: tailwindcss_oxide::scanner: Discovering "D:\\se_project\\team02\\prisma\\migrations\\20251205095840_add_booking_content_management_system\\migration.sql"
2025-12-24T03:21:16.293658Z  INFO scan_sources: tailwindcss_oxide::scanner: Discovering "D:\\se_project\\team02\\prisma\\migrations\\20251205100153_add_budget_project_management_system"
2025-12-24T03:21:16.293769Z  INFO scan_sources: tailwindcss_oxide::scanner: Discovering "D:\\se_project\\team02\\prisma\\migrations\\20251205100153_add_budget_project_management_system\\migration.sql"
2025-12-24T03:21:16.293859Z  INFO scan_sources: tailwindcss_oxide::scanner: Discovering "D:\\se_project\\team02\\prisma\\migrations\\20251205100726_add_community_forum_system"
2025-12-24T03:21:16.293958Z  INFO scan_sources: tailwindcss_oxide::scanner: Discovering "D:\\se_project\\team02\\prisma\\migrations\\20251205100726_add_community_forum_system\\migration.sql"
2025-12-24T03:21:16.294047Z  INFO scan_sources: tailwindcss_oxide::scanner: Discovering "D:\\se_project\\team02\\prisma\\migrations\\20251205170425_remove_staff_role"
2025-12-24T03:21:16.294144Z  INFO scan_sources: tailwindcss_oxide::scanner: Discovering "D:\\se_project\\team02\\prisma\\migrations\\20251205170425_remove_staff_role\\migration.sql"
2025-12-24T03:21:16.294233Z  INFO scan_sources: tailwindcss_oxide::scanner: Discovering "D:\\se_project\\team02\\prisma\\migrations\\20251206052336_add_souvenir_item_relation"
2025-12-24T03:21:16.294352Z  INFO scan_sources: tailwindcss_oxide::scanner: Discovering "D:\\se_project\\team02\\prisma\\migrations\\20251206052336_add_souvenir_item_relation\\migration.sql"
2025-12-24T03:21:16.294449Z  INFO scan_sources: tailwindcss_oxide::scanner: Discovering "D:\\se_project\\team02\\prisma\\migrations\\20251206060306_some_meaningful_name"
2025-12-24T03:21:16.294549Z  INFO scan_sources: tailwindcss_oxide::scanner: Discovering "D:\\se_project\\team02\\prisma\\migrations\\20251206060306_some_meaningful_name\\migration.sql"
2025-12-24T03:21:16.294641Z  INFO scan_sources: tailwindcss_oxide::scanner: Discovering "D:\\se_project\\team02\\prisma\\migrations\\20251206092847_add_title_to_content"
2025-12-24T03:21:16.294744Z  INFO scan_sources: tailwindcss_oxide::scanner: Discovering "D:\\se_project\\team02\\prisma\\migrations\\20251206092847_add_title_to_content\\migration.sql"
2025-12-24T03:21:16.294835Z  INFO scan_sources: tailwindcss_oxide::scanner: Discovering "D:\\se_project\\team02\\prisma\\migrations\\20251213101316_add_is_published"
2025-12-24T03:21:16.294937Z  INFO scan_sources: tailwindcss_oxide::scanner: Discovering "D:\\se_project\\team02\\prisma\\migrations\\20251213101316_add_is_published\\migration.sql"
2025-12-24T03:21:16.295029Z  INFO scan_sources: tailwindcss_oxide::scanner: Discovering "D:\\se_project\\team02\\prisma\\migrations\\20251213105547"
2025-12-24T03:21:16.295128Z  INFO scan_sources: tailwindcss_oxide::scanner: Discovering "D:\\se_project\\team02\\prisma\\migrations\\20251213105547\\migration.sql"
2025-12-24T03:21:16.295223Z  INFO scan_sources: tailwindcss_oxide::scanner: Discovering "D:\\se_project\\team02\\prisma\\migrations\\20251214090808_add_souvenir_to_donation_project"
2025-12-24T03:21:16.295440Z  INFO scan_sources: tailwindcss_oxide::scanner: Discovering "D:\\se_project\\team02\\prisma\\migrations\\20251214090808_add_souvenir_to_donation_project\\migration.sql"
2025-12-24T03:21:16.295540Z  INFO scan_sources: tailwindcss_oxide::scanner: Discovering "D:\\se_project\\team02\\prisma\\migrations\\20251214114700_add_shipment_dates"
2025-12-24T03:21:16.295650Z  INFO scan_sources: tailwindcss_oxide::scanner: Discovering "D:\\se_project\\team02\\prisma\\migrations\\20251214114700_add_shipment_dates\\migration.sql"
2025-12-24T03:21:16.295741Z  INFO scan_sources: tailwindcss_oxide::scanner: Discovering "D:\\se_project\\team02\\prisma\\migrations\\20251217025913_add_password_reset_token"
2025-12-24T03:21:16.295839Z  INFO scan_sources: tailwindcss_oxide::scanner: Discovering "D:\\se_project\\team02\\prisma\\migrations\\20251217025913_add_password_reset_token\\migration.sql"
2025-12-24T03:21:16.295927Z  INFO scan_sources: tailwindcss_oxide::scanner: Discovering "D:\\se_project\\team02\\prisma\\migrations\\20251219090049_y"
2025-12-24T03:21:16.296024Z  INFO scan_sources: tailwindcss_oxide::scanner: Discovering "D:\\se_project\\team02\\prisma\\migrations\\20251219090049_y\\migration.sql"
2025-12-24T03:21:16.296119Z  INFO scan_sources: tailwindcss_oxide::scanner: Discovering "D:\\se_project\\team02\\prisma\\migrations\\20251224031927_y"
2025-12-24T03:21:16.296221Z  INFO scan_sources: tailwindcss_oxide::scanner: Discovering "D:\\se_project\\team02\\prisma\\migrations\\20251224031927_y\\migration.sql"
2025-12-24T03:21:16.296295Z  INFO scan_sources: tailwindcss_oxide::scanner: Discovering "D:\\se_project\\team02\\prisma\\migrations\\migration_lock.toml"
2025-12-24T03:21:16.296365Z  INFO scan_sources: tailwindcss_oxide::scanner: Discovering "D:\\se_project\\team02\\prisma\\schema.prisma"
2025-12-24T03:21:16.296412Z  INFO scan_sources: tailwindcss_oxide::scanner: Discovering "D:\\se_project\\team02\\prisma\\seed.ts"
2025-12-24T03:21:16.296479Z  INFO scan_sources: tailwindcss_oxide::scanner: Discovering "D:\\se_project\\team02\\prisma.config.ts"
2025-12-24T03:21:16.296567Z  INFO scan_sources: tailwindcss_oxide::scanner: Discovering "D:\\se_project\\team02\\public"
2025-12-24T03:21:16.296725Z  INFO scan_sources: tailwindcss_oxide::scanner: Discovering "D:\\se_project\\team02\\public\\auth_photo"
2025-12-24T03:21:16.296883Z  INFO scan_sources: tailwindcss_oxide::scanner: Discovering "D:\\se_project\\team02\\public\\budget"
2025-12-24T03:21:16.297008Z  INFO scan_sources: tailwindcss_oxide::scanner: Discovering "D:\\se_project\\team02\\public\\budget\\upload"
2025-12-24T03:21:16.297225Z  INFO scan_sources: tailwindcss_oxide::scanner: Discovering "D:\\se_project\\team02\\public\\Content"
2025-12-24T03:21:16.297418Z  INFO scan_sources: tailwindcss_oxide::scanner: Discovering "D:\\se_project\\team02\\public\\donation_poster"
2025-12-24T03:21:16.297566Z  INFO scan_sources: tailwindcss_oxide::scanner: Discovering "D:\\se_project\\team02\\public\\file.svg"
2025-12-24T03:21:16.297616Z  INFO scan_sources: tailwindcss_oxide::scanner: Discovering "D:\\se_project\\team02\\public\\globe.svg"
2025-12-24T03:21:16.297671Z  INFO scan_sources: tailwindcss_oxide::scanner: Discovering "D:\\se_project\\team02\\public\\next.svg"
2025-12-24T03:21:16.297754Z  INFO scan_sources: tailwindcss_oxide::scanner: Discovering "D:\\se_project\\team02\\public\\souvenir"
2025-12-24T03:21:16.297918Z  INFO scan_sources: tailwindcss_oxide::scanner: Discovering "D:\\se_project\\team02\\public\\submission"
2025-12-24T03:21:16.298052Z  INFO scan_sources: tailwindcss_oxide::scanner: Discovering "D:\\se_project\\team02\\public\\SUT_font"
2025-12-24T03:21:16.298199Z  INFO scan_sources: tailwindcss_oxide::scanner: Discovering "D:\\se_project\\team02\\public\\SUT_font\\NotoSansThaiLooped"
2025-12-24T03:21:16.298330Z  INFO scan_sources: tailwindcss_oxide::scanner: Discovering "D:\\se_project\\team02\\public\\SUT_font\\NotoSansThaiLooped\\full"
2025-12-24T03:21:16.298501Z  INFO scan_sources: tailwindcss_oxide::scanner: Discovering "D:\\se_project\\team02\\public\\SUT_font\\NotoSansThaiLooped\\full\\otf"
2025-12-24T03:21:16.298778Z  INFO scan_sources: tailwindcss_oxide::scanner: Discovering "D:\\se_project\\team02\\public\\SUT_font\\NotoSansThaiLooped\\full\\ttf"
2025-12-24T03:21:16.299122Z  INFO scan_sources: tailwindcss_oxide::scanner: Discovering "D:\\se_project\\team02\\public\\SUT_font\\NotoSansThaiLooped\\googlefonts"
2025-12-24T03:21:16.299701Z  INFO scan_sources: tailwindcss_oxide::scanner: Discovering "D:\\se_project\\team02\\public\\SUT_font\\NotoSansThaiLooped\\googlefonts\\ttf"
2025-12-24T03:21:16.300552Z  INFO scan_sources: tailwindcss_oxide::scanner: Discovering "D:\\se_project\\team02\\public\\SUT_font\\NotoSansThaiLooped\\hinted"
2025-12-24T03:21:16.301304Z  INFO scan_sources: tailwindcss_oxide::scanner: Discovering "D:\\se_project\\team02\\public\\SUT_font\\NotoSansThaiLooped\\hinted\\ttf"
2025-12-24T03:21:16.301636Z  INFO scan_sources: tailwindcss_oxide::scanner: Discovering "D:\\se_project\\team02\\public\\SUT_font\\NotoSansThaiLooped\\unhinted"
2025-12-24T03:21:16.302008Z  INFO scan_sources: tailwindcss_oxide::scanner: Discovering "D:\\se_project\\team02\\public\\SUT_font\\NotoSansThaiLooped\\unhinted\\otf"
2025-12-24T03:21:16.302348Z  INFO scan_sources: tailwindcss_oxide::scanner: Discovering "D:\\se_project\\team02\\public\\SUT_font\\NotoSansThaiLooped\\unhinted\\ttf"
2025-12-24T03:21:16.302705Z  INFO scan_sources: tailwindcss_oxide::scanner: Discovering "D:\\se_project\\team02\\public\\SUT_font\\Noto_Sans_Thai"
2025-12-24T03:21:16.302841Z  INFO scan_sources: tailwindcss_oxide::scanner: Discovering "D:\\se_project\\team02\\public\\SUT_font\\Noto_Sans_Thai\\static"
2025-12-24T03:21:16.302977Z  INFO scan_sources: tailwindcss_oxide::scanner: Discovering "D:\\se_project\\team02\\public\\SUT_font\\Noto_Sans_Thai\\static\\NotoSansThai"
2025-12-24T03:21:16.303178Z  INFO scan_sources: tailwindcss_oxide::scanner: Discovering "D:\\se_project\\team02\\public\\SUT_font\\Noto_Sans_Thai\\static\\NotoSansThai_Condensed"
2025-12-24T03:21:16.303360Z  INFO scan_sources: tailwindcss_oxide::scanner: Discovering "D:\\se_project\\team02\\public\\SUT_font\\Noto_Sans_Thai\\static\\NotoSansThai_ExtraCondensed"
2025-12-24T03:21:16.303558Z  INFO scan_sources: tailwindcss_oxide::scanner: Discovering "D:\\se_project\\team02\\public\\SUT_font\\Noto_Sans_Thai\\static\\NotoSansThai_SemiCondensed"
2025-12-24T03:21:16.303885Z  INFO scan_sources: tailwindcss_oxide::scanner: Discovering "D:\\se_project\\team02\\public\\uploads"
2025-12-24T03:21:16.304039Z  INFO scan_sources: tailwindcss_oxide::scanner: Discovering "D:\\se_project\\team02\\public\\uploads\\content"
2025-12-24T03:21:16.304247Z  INFO scan_sources: tailwindcss_oxide::scanner: Discovering "D:\\se_project\\team02\\public\\uploads\\posters"
2025-12-24T03:21:16.304424Z  INFO scan_sources: tailwindcss_oxide::scanner: Discovering "D:\\se_project\\team02\\public\\uploads\\submissions"
2025-12-24T03:21:16.304588Z  INFO scan_sources: tailwindcss_oxide::scanner: Discovering "D:\\se_project\\team02\\public\\uploads\\transcripts"
2025-12-24T03:21:16.304851Z  INFO scan_sources: tailwindcss_oxide::scanner: Discovering "D:\\se_project\\team02\\public\\vercel.svg"
2025-12-24T03:21:16.304965Z  INFO scan_sources: tailwindcss_oxide::scanner: Discovering "D:\\se_project\\team02\\public\\window.svg"
2025-12-24T03:21:16.305054Z  INFO scan_sources: tailwindcss_oxide::scanner: Discovering "D:\\se_project\\team02\\README.md"
2025-12-24T03:21:16.305106Z  INFO scan_sources: tailwindcss_oxide::scanner: Discovering "D:\\se_project\\team02\\README_DEPLOY_AUTOMATION.md"
2025-12-24T03:21:16.305212Z  INFO scan_sources: tailwindcss_oxide::scanner: Discovering "D:\\se_project\\team02\\scripts"
2025-12-24T03:21:16.305338Z  INFO scan_sources: tailwindcss_oxide::scanner: Discovering "D:\\se_project\\team02\\scripts\\clean-souvenir.ts"
2025-12-24T03:21:16.305396Z  INFO scan_sources: tailwindcss_oxide::scanner: Discovering "D:\\se_project\\team02\\scripts\\push-image.bat"
2025-12-24T03:21:16.305444Z  INFO scan_sources: tailwindcss_oxide::scanner: Discovering "D:\\se_project\\team02\\scripts\\push-image.sh"
2025-12-24T03:21:16.305494Z  INFO scan_sources: tailwindcss_oxide::scanner: Discovering "D:\\se_project\\team02\\scripts\\seed-complete.ts"
2025-12-24T03:21:16.305699Z  INFO scan_sources: tailwindcss_oxide::scanner: Discovering "D:\\se_project\\team02\\scripts\\seed-souvenirs.ts"
2025-12-24T03:21:16.305753Z  INFO scan_sources: tailwindcss_oxide::scanner: Discovering "D:\\se_project\\team02\\scripts\\seed-users.ts"
2025-12-24T03:21:16.305825Z  INFO scan_sources: tailwindcss_oxide::scanner: Discovering "D:\\se_project\\team02\\SYSTEM_IMPROVEMENTS.md"
2025-12-24T03:21:16.305935Z  INFO scan_sources: tailwindcss_oxide::scanner: Discovering "D:\\se_project\\team02\\tests"
2025-12-24T03:21:16.306072Z  INFO scan_sources: tailwindcss_oxide::scanner: Discovering "D:\\se_project\\team02\\tests\\api"
2025-12-24T03:21:16.306194Z  INFO scan_sources: tailwindcss_oxide::scanner: Discovering "D:\\se_project\\team02\\tests\\api\\auth"
2025-12-24T03:21:16.306298Z  INFO scan_sources: tailwindcss_oxide::scanner: Discovering "D:\\se_project\\team02\\tests\\api\\auth\\rount.test.ts"
2025-12-24T03:21:16.306387Z  INFO scan_sources: tailwindcss_oxide::scanner: Discovering "D:\\se_project\\team02\\tests\\api\\booking"
2025-12-24T03:21:16.306485Z  INFO scan_sources: tailwindcss_oxide::scanner: Discovering "D:\\se_project\\team02\\tests\\api\\booking\\route.test.ts"
2025-12-24T03:21:16.306572Z  INFO scan_sources: tailwindcss_oxide::scanner: Discovering "D:\\se_project\\team02\\tests\\api\\content"
2025-12-24T03:21:16.306668Z  INFO scan_sources: tailwindcss_oxide::scanner: Discovering "D:\\se_project\\team02\\tests\\api\\content\\route.test.ts"
2025-12-24T03:21:16.306755Z  INFO scan_sources: tailwindcss_oxide::scanner: Discovering "D:\\se_project\\team02\\tests\\api\\project-proposal"
2025-12-24T03:21:16.306854Z  INFO scan_sources: tailwindcss_oxide::scanner: Discovering "D:\\se_project\\team02\\tests\\api\\project-proposal\\route.test.ts"
2025-12-24T03:21:16.306942Z  INFO scan_sources: tailwindcss_oxide::scanner: Discovering "D:\\se_project\\team02\\tests\\api\\souvenir"
2025-12-24T03:21:16.307036Z  INFO scan_sources: tailwindcss_oxide::scanner: Discovering "D:\\se_project\\team02\\tests\\api\\souvenir\\route.test.ts"
2025-12-24T03:21:16.307121Z  INFO scan_sources: tailwindcss_oxide::scanner: Discovering "D:\\se_project\\team02\\tests\\api\\submision"
2025-12-24T03:21:16.307229Z  INFO scan_sources: tailwindcss_oxide::scanner: Discovering "D:\\se_project\\team02\\tests\\api\\submision\\route.test.ts"
2025-12-24T03:21:16.307324Z  INFO scan_sources: tailwindcss_oxide::scanner: Discovering "D:\\se_project\\team02\\tsconfig.json"
2025-12-24T03:21:16.307459Z  INFO scan_sources: tailwindcss_oxide::scanner: exit
2025-12-24T03:21:16.307473Z  INFO extract_candidates: tailwindcss_oxide::scanner: enter
2025-12-24T03:21:16.307486Z  INFO extract_candidates:read_all_files: tailwindcss_oxide::scanner: enter
2025-12-24T03:21:16.307489Z  INFO extract_candidates:read_all_files: tailwindcss_oxide::scanner: Reading 195 file(s)
2025-12-24T03:21:16.308117Z  INFO tailwindcss_oxide::scanner: Reading "D:\\se_project\\team02\\next.config.ts"
2025-12-24T03:21:16.308140Z  INFO tailwindcss_oxide::scanner: Reading "D:\\se_project\\team02\\app\\admin\\booking\\page.tsx"
2025-12-24T03:21:16.308162Z  INFO tailwindcss_oxide::scanner: Reading "D:\\se_project\\team02\\app\\api\\auth\\register\\route.ts"
2025-12-24T03:21:16.308190Z  INFO tailwindcss_oxide::scanner: Reading "D:\\se_project\\team02\\app\\admin\\souvenir\\donation\\page.tsx"
2025-12-24T03:21:16.308221Z  INFO tailwindcss_oxide::scanner: Reading "D:\\se_project\\team02\\package.json"
2025-12-24T03:21:16.308261Z  INFO tailwindcss_oxide::scanner: Reading "D:\\se_project\\team02\\app\\admin\\donation\\projects\\page.tsx"
2025-12-24T03:21:16.308281Z  INFO tailwindcss_oxide::scanner: Reading "D:\\se_project\\team02\\app\\api\\auth\\reset-password\\route.ts"
2025-12-24T03:21:16.308293Z  INFO tailwindcss_oxide::scanner: Reading "D:\\se_project\\team02\\postcss.config.mjs"
2025-12-24T03:21:16.308297Z  INFO tailwindcss_oxide::scanner: Reading "D:\\se_project\\team02\\app\\admin\\budget_approval\\budget_rounds\\page.tsx"
2025-12-24T03:21:16.308320Z  INFO tailwindcss_oxide::scanner: Reading "D:\\se_project\\team02\\app\\admin\\souvenir\\page.tsx"
2025-12-24T03:21:16.308359Z  INFO tailwindcss_oxide::scanner: Reading "D:\\se_project\\team02\\prisma\\migrations\\20251110101614_init\\migration.sql"
2025-12-24T03:21:16.308380Z  INFO tailwindcss_oxide::scanner: Reading "D:\\se_project\\team02\\app\\api\\auth\\rount.test.ts"
2025-12-24T03:21:16.308387Z  INFO tailwindcss_oxide::scanner: Reading "D:\\se_project\\team02\\app\\admin\\donation\\projects\\project-management-ui.tsx"
2025-12-24T03:21:16.308422Z  INFO tailwindcss_oxide::scanner: Reading "D:\\se_project\\team02\\app\\admin\\budget_approval\\create\\page.tsx"
2025-12-24T03:21:16.308435Z  INFO tailwindcss_oxide::scanner: Reading "D:\\se_project\\team02\\app\\admin\\souvenir\\SouvenirDetailForm.tsx"
2025-12-24T03:21:16.308438Z  INFO tailwindcss_oxide::scanner: Reading "D:\\se_project\\team02\\prisma\\migrations\\20251115160744_init_auth\\migration.sql"
2025-12-24T03:21:16.308492Z  INFO tailwindcss_oxide::scanner: Reading "D:\\se_project\\team02\\app\\api\\booking\\route.ts"
2025-12-24T03:21:16.308522Z  INFO tailwindcss_oxide::scanner: Reading "D:\\se_project\\team02\\app\\admin\\donation\\[id]\\edit\\page.tsx"
2025-12-24T03:21:16.308534Z  INFO tailwindcss_oxide::scanner: Reading "D:\\se_project\\team02\\prisma\\migrations\\20251116110230_add_education_and_verification_tables\\migration.sql"
2025-12-24T03:21:16.308578Z  INFO tailwindcss_oxide::scanner: Reading "D:\\se_project\\team02\\app\\admin\\budget_approval\\edit\\page.tsx"
2025-12-24T03:21:16.308598Z  INFO tailwindcss_oxide::scanner: Reading "D:\\se_project\\team02\\app\\admin\\talk\\page.tsx"
2025-12-24T03:21:16.308594Z  INFO tailwindcss_oxide::scanner: Reading "D:\\se_project\\team02\\app\\components\\ui\\InputTextArea.tsx"
2025-12-24T03:21:16.308607Z  INFO tailwindcss_oxide::scanner: Reading "D:\\se_project\\team02\\prisma\\migrations\\20251126205101_add_submission\\migration.sql"
2025-12-24T03:21:16.308623Z  INFO tailwindcss_oxide::scanner: Reading "D:\\se_project\\team02\\app\\admin\\job\\edit\\page.tsx"
2025-12-24T03:21:16.308677Z  INFO tailwindcss_oxide::scanner: Reading "D:\\se_project\\team02\\prisma\\migrations\\20251126213836_some_meaningful_name\\migration.sql"
2025-12-24T03:21:16.308705Z  INFO tailwindcss_oxide::scanner: Reading "D:\\se_project\\team02\\app\\components\\ui\\ProjectCard.tsx"
2025-12-24T03:21:16.308706Z  INFO tailwindcss_oxide::scanner: Reading "D:\\se_project\\team02\\app\\api\\booking-form\\route.ts"
2025-12-24T03:21:16.308681Z  INFO tailwindcss_oxide::scanner: Reading "D:\\se_project\\team02\\app\\admin\\budget_approval\\edit\\[id]\\page.tsx"
2025-12-24T03:21:16.308769Z  INFO tailwindcss_oxide::scanner: Reading "D:\\se_project\\team02\\prisma\\migrations\\20251205043711_create_donation_models\\migration.sql"
2025-12-24T03:21:16.308789Z  INFO tailwindcss_oxide::scanner: Reading "D:\\se_project\\team02\\app\\components\\ui\\SuccessModal.tsx"
2025-12-24T03:21:16.308813Z  INFO tailwindcss_oxide::scanner: Reading "D:\\se_project\\team02\\app\\api\\budget-report\\approved-projects\\route.ts"
2025-12-24T03:21:16.308850Z  INFO tailwindcss_oxide::scanner: Reading "D:\\se_project\\team02\\prisma\\migrations\\20251205080712_add_souvenir_system\\migration.sql"
2025-12-24T03:21:16.308861Z  INFO tailwindcss_oxide::scanner: Reading "D:\\se_project\\team02\\app\\layout.tsx"
2025-12-24T03:21:16.308887Z  INFO tailwindcss_oxide::scanner: Reading "D:\\se_project\\team02\\app\\admin\\budget_approval\\page.tsx"
2025-12-24T03:21:16.308902Z  INFO tailwindcss_oxide::scanner: Reading "D:\\se_project\\team02\\app\\api\\budget-report\\restore\\route.ts"
2025-12-24T03:21:16.308914Z  INFO tailwindcss_oxide::scanner: Reading "D:\\se_project\\team02\\prisma\\migrations\\20251205095840_add_booking_content_management_system\\migration.sql"
2025-12-24T03:21:16.308943Z  INFO tailwindcss_oxide::scanner: Reading "D:\\se_project\\team02\\app\\lib\\nodemailer.ts"
2025-12-24T03:21:16.308973Z  INFO tailwindcss_oxide::scanner: Reading "D:\\se_project\\team02\\app\\api\\budget-report\\route.ts"
2025-12-24T03:21:16.308979Z  INFO tailwindcss_oxide::scanner: Reading "D:\\se_project\\team02\\prisma\\migrations\\20251205100153_add_budget_project_management_system\\migration.sql"
2025-12-24T03:21:16.309017Z  INFO tailwindcss_oxide::scanner: Reading "D:\\se_project\\team02\\app\\admin\\budget_report\\create\\page.tsx"
2025-12-24T03:21:16.309023Z  INFO tailwindcss_oxide::scanner: Reading "D:\\se_project\\team02\\app\\lib\\prisma.ts"
2025-12-24T03:21:16.309046Z  INFO tailwindcss_oxide::scanner: Reading "D:\\se_project\\team02\\prisma\\migrations\\20251205100726_add_community_forum_system\\migration.sql"
2025-12-24T03:21:16.309106Z  INFO tailwindcss_oxide::scanner: Reading "D:\\se_project\\team02\\prisma\\migrations\\20251205170425_remove_staff_role\\migration.sql"
2025-12-24T03:21:16.309142Z  INFO tailwindcss_oxide::scanner: Reading "D:\\se_project\\team02\\app\\api\\budget-round\\route.ts"
2025-12-24T03:21:16.309181Z  INFO tailwindcss_oxide::scanner: Reading "D:\\se_project\\team02\\prisma\\migrations\\20251206052336_add_souvenir_item_relation\\migration.sql"
2025-12-24T03:21:16.309226Z  INFO tailwindcss_oxide::scanner: Reading "D:\\se_project\\team02\\app\\api\\check-env\\route.ts"
2025-12-24T03:21:16.309246Z  INFO tailwindcss_oxide::scanner: Reading "D:\\se_project\\team02\\prisma\\migrations\\20251206060306_some_meaningful_name\\migration.sql"
2025-12-24T03:21:16.309299Z  INFO tailwindcss_oxide::scanner: Reading "D:\\se_project\\team02\\app\\api\\content\\route.ts"
2025-12-24T03:21:16.309308Z  INFO tailwindcss_oxide::scanner: Reading "D:\\se_project\\team02\\prisma\\migrations\\20251206092847_add_title_to_content\\migration.sql"
2025-12-24T03:21:16.309333Z  INFO tailwindcss_oxide::scanner: Reading "D:\\se_project\\team02\\app\\lib\\rate-limit.ts"
2025-12-24T03:21:16.309366Z  INFO tailwindcss_oxide::scanner: Reading "D:\\se_project\\team02\\prisma\\migrations\\20251213101316_add_is_published\\migration.sql"
2025-12-24T03:21:16.309391Z  INFO tailwindcss_oxide::scanner: Reading "D:\\se_project\\team02\\app\\api\\content\\[id]\\registrations\\route.ts"
2025-12-24T03:21:16.309434Z  INFO tailwindcss_oxide::scanner: Reading "D:\\se_project\\team02\\prisma\\migrations\\20251213105547\\migration.sql"
2025-12-24T03:21:16.309496Z  INFO tailwindcss_oxide::scanner: Reading "D:\\se_project\\team02\\app\\lib\\utils.ts"
2025-12-24T03:21:16.309500Z  INFO tailwindcss_oxide::scanner: Reading "D:\\se_project\\team02\\app\\api\\donation-project\\route.ts"
2025-12-24T03:21:16.309542Z  INFO tailwindcss_oxide::scanner: Reading "D:\\se_project\\team02\\prisma\\migrations\\20251214090808_add_souvenir_to_donation_project\\migration.sql"
2025-12-24T03:21:16.309575Z  INFO tailwindcss_oxide::scanner: Reading "D:\\se_project\\team02\\app\\api\\donation-project\\upload-poster\\route.ts"
2025-12-24T03:21:16.309599Z  INFO tailwindcss_oxide::scanner: Reading "D:\\se_project\\team02\\prisma\\migrations\\20251214114700_add_shipment_dates\\migration.sql"
2025-12-24T03:21:16.309653Z  INFO tailwindcss_oxide::scanner: Reading "D:\\se_project\\team02\\prisma\\migrations\\20251217025913_add_password_reset_token\\migration.sql"
2025-12-24T03:21:16.308714Z  INFO tailwindcss_oxide::scanner: Reading "D:\\se_project\\team02\\app\\admin\\job\\page.tsx"
2025-12-24T03:21:16.309715Z  INFO tailwindcss_oxide::scanner: Reading "D:\\se_project\\team02\\app\\api\\donation-project\\[id]\\route.ts"
2025-12-24T03:21:16.309751Z  INFO tailwindcss_oxide::scanner: Reading "D:\\se_project\\team02\\app\\lib\\validation.ts"
2025-12-24T03:21:16.309763Z  INFO tailwindcss_oxide::scanner: Reading "D:\\se_project\\team02\\app\\admin\\usermanage\\page.tsx"
2025-12-24T03:21:16.309793Z  INFO tailwindcss_oxide::scanner: Reading "D:\\se_project\\team02\\app\\admin\\news\\appove\\page.tsx"
2025-12-24T03:21:16.309823Z  INFO tailwindcss_oxide::scanner: Reading "D:\\se_project\\team02\\app\\page.tsx"
2025-12-24T03:21:16.309866Z  INFO tailwindcss_oxide::scanner: Reading "D:\\se_project\\team02\\app\\api\\donation-transaction\\route.ts"
2025-12-24T03:21:16.309888Z  INFO tailwindcss_oxide::scanner: Reading "D:\\se_project\\team02\\app\\admin\\news\\create\\page.tsx"
2025-12-24T03:21:16.309894Z  INFO tailwindcss_oxide::scanner: Reading "D:\\se_project\\team02\\prisma\\migrations\\20251219090049_y\\migration.sql"
2025-12-24T03:21:16.309905Z  INFO tailwindcss_oxide::scanner: Reading "D:\\se_project\\team02\\app\\types\\budget_approval.ts"
2025-12-24T03:21:16.309966Z  INFO tailwindcss_oxide::scanner: Reading "D:\\se_project\\team02\\prisma\\migrations\\20251224031927_y\\migration.sql"
2025-12-24T03:21:16.309971Z  INFO tailwindcss_oxide::scanner: Reading "D:\\se_project\\team02\\app\\api\\forum\\category\\route.ts"
2025-12-24T03:21:16.309979Z  INFO tailwindcss_oxide::scanner: Reading "D:\\se_project\\team02\\app\\admin\\news\\page.tsx"
2025-12-24T03:21:16.309988Z  INFO tailwindcss_oxide::scanner: Reading "D:\\se_project\\team02\\app\\types\\budget_report.ts"
2025-12-24T03:21:16.310029Z  INFO tailwindcss_oxide::scanner: Reading "D:\\se_project\\team02\\prisma\\migrations\\migration_lock.toml"
2025-12-24T03:21:16.310058Z  INFO tailwindcss_oxide::scanner: Reading "D:\\se_project\\team02\\app\\api\\forum\\comment\\route.ts"
2025-12-24T03:21:16.310061Z  INFO tailwindcss_oxide::scanner: Reading "D:\\se_project\\team02\\app\\admin\\payment\\page.tsx"
2025-12-24T03:21:16.310080Z  INFO tailwindcss_oxide::scanner: Reading "D:\\se_project\\team02\\app\\user\\booking\\page.tsx"
2025-12-24T03:21:16.310103Z  INFO tailwindcss_oxide::scanner: Reading "D:\\se_project\\team02\\prisma\\schema.prisma"
2025-12-24T03:21:16.310198Z  INFO tailwindcss_oxide::scanner: Reading "D:\\se_project\\team02\\prisma\\seed.ts"
2025-12-24T03:21:16.310375Z  INFO tailwindcss_oxide::scanner: Reading "D:\\se_project\\team02\\app\\admin\\budget_report\\edit\\page.tsx"
2025-12-24T03:21:16.310428Z  INFO tailwindcss_oxide::scanner: Reading "D:\\se_project\\team02\\app\\user\\budget\\page.tsx"
2025-12-24T03:21:16.310382Z  INFO tailwindcss_oxide::scanner: Reading "D:\\se_project\\team02\\app\\admin\\souvenir\\activity\\page.tsx"
2025-12-24T03:21:16.310385Z  INFO tailwindcss_oxide::scanner: Reading "D:\\se_project\\team02\\app\\admin\\usermanage\\UserManagementClient.tsx"
2025-12-24T03:21:16.310553Z  INFO tailwindcss_oxide::scanner: Reading "D:\\se_project\\team02\\app\\admin\\souvenir\\AdminSouvenirCarousel.tsx"
2025-12-24T03:21:16.310580Z  INFO tailwindcss_oxide::scanner: Reading "D:\\se_project\\team02\\app\\api\\admin\\donations\\route.ts"
2025-12-24T03:21:16.310408Z  INFO tailwindcss_oxide::scanner: Reading "D:\\se_project\\team02\\app\\api\\forum\\topic\\route.ts"
2025-12-24T03:21:16.310590Z  INFO tailwindcss_oxide::scanner: Reading "D:\\se_project\\team02\\app\\user\\donation\\donate.tsx"
2025-12-24T03:21:16.310649Z  INFO tailwindcss_oxide::scanner: Reading "D:\\se_project\\team02\\app\\admin\\souvenir\\detail\\page.tsx"
2025-12-24T03:21:16.310663Z  INFO tailwindcss_oxide::scanner: Reading "D:\\se_project\\team02\\app\\api\\admin\\events\\route.ts"
2025-12-24T03:21:16.310696Z  INFO tailwindcss_oxide::scanner: Reading "D:\\se_project\\team02\\app\\user\\donation\\form\\page.tsx"
2025-12-24T03:21:16.310706Z  INFO tailwindcss_oxide::scanner: Reading "D:\\se_project\\team02\\app\\api\\forum\\topic\\[id]\\route.ts"
2025-12-24T03:21:16.310745Z  INFO tailwindcss_oxide::scanner: Reading "D:\\se_project\\team02\\app\\api\\admin\\events\\[id]\\registrations\\route.ts"
2025-12-24T03:21:16.310752Z  INFO tailwindcss_oxide::scanner: Reading "D:\\se_project\\team02\\prisma.config.ts"
2025-12-24T03:21:16.310789Z  INFO tailwindcss_oxide::scanner: Reading "D:\\se_project\\team02\\app\\user\\donation\\page.tsx"
2025-12-24T03:21:16.310800Z  INFO tailwindcss_oxide::scanner: Reading "D:\\se_project\\team02\\app\\api\\fund-projects\\route.ts"
2025-12-24T03:21:16.310825Z  INFO tailwindcss_oxide::scanner: Reading "D:\\se_project\\team02\\public\\file.svg"
2025-12-24T03:21:16.310835Z  INFO tailwindcss_oxide::scanner: Reading "D:\\se_project\\team02\\app\\api\\admin\\news\\submission\\route.ts"
2025-12-24T03:21:16.310877Z  INFO tailwindcss_oxide::scanner: Reading "D:\\se_project\\team02\\app\\user\\donation\\[id]\\page.tsx"
2025-12-24T03:21:16.310893Z  INFO tailwindcss_oxide::scanner: Reading "D:\\se_project\\team02\\public\\globe.svg"
2025-12-24T03:21:16.310904Z  INFO tailwindcss_oxide::scanner: Reading "D:\\se_project\\team02\\app\\api\\fund-projects\\[id]\\route.ts"
2025-12-24T03:21:16.310925Z  INFO tailwindcss_oxide::scanner: Reading "D:\\se_project\\team02\\app\\api\\admin\\shipments\\[id]\\route.ts"
2025-12-24T03:21:16.310959Z  INFO tailwindcss_oxide::scanner: Reading "D:\\se_project\\team02\\app\\admin\\budget_report\\edit\\[id]\\page.tsx"
2025-12-24T03:21:16.310978Z  INFO tailwindcss_oxide::scanner: Reading "D:\\se_project\\team02\\app\\user\\donation-budget\\detail\\page.tsx"
2025-12-24T03:21:16.310964Z  INFO tailwindcss_oxide::scanner: Reading "D:\\se_project\\team02\\app\\api\\admin\\souvenir\\items\\[id]\\route.ts"
2025-12-24T03:21:16.311000Z  INFO tailwindcss_oxide::scanner: Reading "D:\\se_project\\team02\\app\\api\\payment-method\\route.ts"
2025-12-24T03:21:16.311012Z  INFO tailwindcss_oxide::scanner: Reading "D:\\se_project\\team02\\app\\api\\admin\\souvenir\\items\\route.ts"
2025-12-24T03:21:16.311085Z  INFO tailwindcss_oxide::scanner: Reading "D:\\se_project\\team02\\app\\api\\admin\\souvenir\\link-options\\route.ts"
2025-12-24T03:21:16.311113Z  INFO tailwindcss_oxide::scanner: Reading "D:\\se_project\\team02\\app\\user\\job\\page.tsx"
2025-12-24T03:21:16.311138Z  INFO tailwindcss_oxide::scanner: Reading "D:\\se_project\\team02\\app\\api\\project-manager\\route.ts"
2025-12-24T03:21:16.311152Z  INFO tailwindcss_oxide::scanner: Reading "D:\\se_project\\team02\\app\\admin\\budget_report\\page.tsx"
2025-12-24T03:21:16.311167Z  INFO tailwindcss_oxide::scanner: Reading "D:\\se_project\\team02\\app\\api\\admin\\souvenir\\redeem\\route.ts"
2025-12-24T03:21:16.311203Z  INFO tailwindcss_oxide::scanner: Reading "D:\\se_project\\team02\\app\\user\\news\\page.tsx"
2025-12-24T03:21:16.311257Z  INFO tailwindcss_oxide::scanner: Reading "D:\\se_project\\team02\\app\\api\\admin\\souvenir\\shipments\\route.ts"
2025-12-24T03:21:16.311304Z  INFO tailwindcss_oxide::scanner: Reading "D:\\se_project\\team02\\app\\api\\project-proposal\\route.ts"
2025-12-24T03:21:16.311338Z  INFO tailwindcss_oxide::scanner: Reading "D:\\se_project\\team02\\app\\api\\admin\\souvenir\\shipments\\[id]\\route.ts"
2025-12-24T03:21:16.311344Z  INFO tailwindcss_oxide::scanner: Reading "D:\\se_project\\team02\\app\\user\\news\\submission\\page.tsx"
2025-12-24T03:21:16.311373Z  INFO tailwindcss_oxide::scanner: Reading "D:\\se_project\\team02\\app\\user\\donation-budget\\from\\page.tsx"
2025-12-24T03:21:16.311429Z  INFO tailwindcss_oxide::scanner: Reading "D:\\se_project\\team02\\app\\api\\project-vote\\route.ts"
2025-12-24T03:21:16.311440Z  INFO tailwindcss_oxide::scanner: Reading "D:\\se_project\\team02\\app\\user\\news\\[slug]\\page.tsx"
2025-12-24T03:21:16.311457Z  INFO tailwindcss_oxide::scanner: Reading "D:\\se_project\\team02\\app\\api\\admin\\souvenir\\stock\\route.ts"
2025-12-24T03:21:16.311540Z  INFO tailwindcss_oxide::scanner: Reading "D:\\se_project\\team02\\app\\user\\donation-budget\\fund.tsx"
2025-12-24T03:21:16.311547Z  INFO tailwindcss_oxide::scanner: Reading "D:\\se_project\\team02\\app\\api\\admin\\update-status\\route.ts"
2025-12-24T03:21:16.311556Z  INFO tailwindcss_oxide::scanner: Reading "D:\\se_project\\team02\\app\\api\\souvenir\\items\\route.ts"
2025-12-24T03:21:16.311598Z  INFO tailwindcss_oxide::scanner: Reading "D:\\se_project\\team02\\app\\admin\\donation\\create\\page.tsx"
2025-12-24T03:21:16.311636Z  INFO tailwindcss_oxide::scanner: Reading "D:\\se_project\\team02\\app\\user\\editprofile\\page.tsx"
2025-12-24T03:21:16.311663Z  INFO tailwindcss_oxide::scanner: Reading "D:\\se_project\\team02\\app\\api\\admin\\users\\route.ts"
2025-12-24T03:21:16.311687Z  INFO tailwindcss_oxide::scanner: Reading "D:\\se_project\\team02\\app\\api\\test\\route.ts"
2025-12-24T03:21:16.311720Z  INFO tailwindcss_oxide::scanner: Reading "D:\\se_project\\team02\\app\\user\\job\\create\\page.tsx"
2025-12-24T03:21:16.311736Z  INFO tailwindcss_oxide::scanner: Reading "D:\\se_project\\team02\\app\\user\\payment\\page.tsx"
2025-12-24T03:21:16.311738Z  INFO tailwindcss_oxide::scanner: Reading "D:\\se_project\\team02\\public\\next.svg"
2025-12-24T03:21:16.311843Z  INFO tailwindcss_oxide::scanner: Reading "D:\\se_project\\team02\\public\\vercel.svg"
2025-12-24T03:21:16.311901Z  INFO tailwindcss_oxide::scanner: Reading "D:\\se_project\\team02\\public\\window.svg"
2025-12-24T03:21:16.311929Z  INFO tailwindcss_oxide::scanner: Reading "D:\\se_project\\team02\\app\\api\\test-gmail\\route.ts"
2025-12-24T03:21:16.311935Z  INFO tailwindcss_oxide::scanner: Reading "D:\\se_project\\team02\\app\\user\\job\\detail\\page.tsx"
2025-12-24T03:21:16.311962Z  INFO tailwindcss_oxide::scanner: Reading "D:\\se_project\\team02\\README.md"
2025-12-24T03:21:16.312055Z  INFO tailwindcss_oxide::scanner: Reading "D:\\se_project\\team02\\app\\api\\upload\\route.ts"
2025-12-24T03:21:16.312067Z  INFO tailwindcss_oxide::scanner: Reading "D:\\se_project\\team02\\README_DEPLOY_AUTOMATION.md"
2025-12-24T03:21:16.312064Z  INFO tailwindcss_oxide::scanner: Reading "D:\\se_project\\team02\\app\\auth\\register\\page.tsx"
2025-12-24T03:21:16.312131Z  INFO tailwindcss_oxide::scanner: Reading "D:\\se_project\\team02\\app\\api\\user\\news\\submission\\route.ts"
2025-12-24T03:21:16.312146Z  INFO tailwindcss_oxide::scanner: Reading "D:\\se_project\\team02\\scripts\\clean-souvenir.ts"
2025-12-24T03:21:16.312180Z  INFO tailwindcss_oxide::scanner: Reading "D:\\se_project\\team02\\app\\auth\\reset-password\\page.tsx"
2025-12-24T03:21:16.312211Z  INFO tailwindcss_oxide::scanner: Reading "D:\\se_project\\team02\\scripts\\push-image.bat"
2025-12-24T03:21:16.312212Z  INFO tailwindcss_oxide::scanner: Reading "D:\\se_project\\team02\\app\\api\\user\\profile\\route.ts"
2025-12-24T03:21:16.312242Z  INFO tailwindcss_oxide::scanner: Reading "D:\\se_project\\team02\\app\\api\\auth\\forgot-password\\route.ts"
2025-12-24T03:21:16.312264Z  INFO tailwindcss_oxide::scanner: Reading "D:\\se_project\\team02\\app\\auth\\reset-password\\ResetPasswordClient.tsx"
2025-12-24T03:21:16.312275Z  INFO tailwindcss_oxide::scanner: Reading "D:\\se_project\\team02\\scripts\\push-image.sh"
2025-12-24T03:21:16.312307Z  INFO tailwindcss_oxide::scanner: Reading "D:\\se_project\\team02\\app\\auth\\forgot-password\\ForgotPasswordClient.tsx"
2025-12-24T03:21:16.312336Z  INFO tailwindcss_oxide::scanner: Reading "D:\\se_project\\team02\\app\\components\\layout\\Footer.tsx"
2025-12-24T03:21:16.312364Z  INFO tailwindcss_oxide::scanner: Reading "D:\\se_project\\team02\\scripts\\seed-complete.ts"
2025-12-24T03:21:16.312392Z  INFO tailwindcss_oxide::scanner: Reading "D:\\se_project\\team02\\app\\auth\\forgot-password\\page.tsx"
2025-12-24T03:21:16.312409Z  INFO tailwindcss_oxide::scanner: Reading "D:\\se_project\\team02\\app\\components\\layout\\Navbar.tsx"
2025-12-24T03:21:16.312436Z  INFO tailwindcss_oxide::scanner: Reading "D:\\se_project\\team02\\app\\api\\auth\\login\\route.ts"
2025-12-24T03:21:16.312445Z  INFO tailwindcss_oxide::scanner: Reading "D:\\se_project\\team02\\scripts\\seed-souvenirs.ts"
2025-12-24T03:21:16.312478Z  INFO tailwindcss_oxide::scanner: Reading "D:\\se_project\\team02\\app\\auth\\login\\LoginClient.tsx"
2025-12-24T03:21:16.312529Z  INFO tailwindcss_oxide::scanner: Reading "D:\\se_project\\team02\\scripts\\seed-users.ts"
2025-12-24T03:21:16.312547Z  INFO tailwindcss_oxide::scanner: Reading "D:\\se_project\\team02\\app\\components\\tables\\Table.tsx"
2025-12-24T03:21:16.312551Z  INFO tailwindcss_oxide::scanner: Reading "D:\\se_project\\team02\\app\\api\\auth\\logout\\route.ts"
2025-12-24T03:21:16.312586Z  INFO tailwindcss_oxide::scanner: Reading "D:\\se_project\\team02\\app\\auth\\login\\page.tsx"
2025-12-24T03:21:16.312620Z  INFO tailwindcss_oxide::scanner: Reading "D:\\se_project\\team02\\SYSTEM_IMPROVEMENTS.md"
2025-12-24T03:21:16.312650Z  INFO tailwindcss_oxide::scanner: Reading "D:\\se_project\\team02\\app\\components\\ui\\BudgetReportCard.tsx"
2025-12-24T03:21:16.312680Z  INFO tailwindcss_oxide::scanner: Reading "D:\\se_project\\team02\\app\\components\\ui\\ConfirmModal.tsx"
2025-12-24T03:21:16.312726Z  INFO tailwindcss_oxide::scanner: Reading "D:\\se_project\\team02\\tests\\api\\auth\\rount.test.ts"
2025-12-24T03:21:16.312737Z  INFO tailwindcss_oxide::scanner: Reading "D:\\se_project\\team02\\app\\components\\ui\\Button.tsx"
2025-12-24T03:21:16.312760Z  INFO tailwindcss_oxide::scanner: Reading "D:\\se_project\\team02\\app\\components\\ui\\CreateBudgetRoundModal.tsx"
2025-12-24T03:21:16.312811Z  INFO tailwindcss_oxide::scanner: Reading "D:\\se_project\\team02\\app\\components\\ui\\Card.tsx"
2025-12-24T03:21:16.312815Z  INFO tailwindcss_oxide::scanner: Reading "D:\\se_project\\team02\\tests\\api\\booking\\route.test.ts"
2025-12-24T03:21:16.312846Z  INFO tailwindcss_oxide::scanner: Reading "D:\\se_project\\team02\\app\\components\\ui\\Input.tsx"
2025-12-24T03:21:16.312857Z  INFO tailwindcss_oxide::scanner: Reading "D:\\se_project\\team02\\app\\api\\auth\\me\\route.ts"
2025-12-24T03:21:16.312882Z  INFO tailwindcss_oxide::scanner: Reading "D:\\se_project\\team02\\app\\components\\ui\\InputIcon.tsx"
2025-12-24T03:21:16.312957Z  INFO tailwindcss_oxide::scanner: Reading "D:\\se_project\\team02\\tests\\api\\content\\route.test.ts"
2025-12-24T03:21:16.312963Z  INFO tailwindcss_oxide::scanner: Reading "D:\\se_project\\team02\\tsconfig.json"
2025-12-24T03:21:16.312970Z  INFO tailwindcss_oxide::scanner: Reading "D:\\se_project\\team02\\tests\\api\\project-proposal\\route.test.ts"
2025-12-24T03:21:16.312975Z  INFO tailwindcss_oxide::scanner: Reading "D:\\se_project\\team02\\tests\\api\\submision\\route.test.ts"
2025-12-24T03:21:16.313034Z  INFO tailwindcss_oxide::scanner: Reading "D:\\se_project\\team02\\BOOKING_SYSTEM.md"
2025-12-24T03:21:16.313047Z  INFO tailwindcss_oxide::scanner: Reading "D:\\se_project\\team02\\docker-compose.yml"
2025-12-24T03:21:16.313059Z  INFO tailwindcss_oxide::scanner: Reading "D:\\se_project\\team02\\tests\\api\\souvenir\\route.test.ts"
2025-12-24T03:21:16.313079Z  INFO tailwindcss_oxide::scanner: Reading "D:\\se_project\\team02\\app\\user\\souvenir\\SouvenirSection.tsx"
2025-12-24T03:21:16.313114Z  INFO tailwindcss_oxide::scanner: Reading "D:\\se_project\\team02\\git"
2025-12-24T03:21:16.313121Z  INFO tailwindcss_oxide::scanner: Reading "D:\\se_project\\team02\\components\\ui\\button.tsx"
2025-12-24T03:21:16.313114Z  INFO tailwindcss_oxide::scanner: Reading "D:\\se_project\\team02\\Dockerfile"
2025-12-24T03:21:16.313166Z  INFO tailwindcss_oxide::scanner: Reading "D:\\se_project\\team02\\app\\user\\talk\\create\\page.tsx"
2025-12-24T03:21:16.313191Z  INFO tailwindcss_oxide::scanner: Reading "D:\\se_project\\team02\\components.json"
2025-12-24T03:21:16.313201Z  INFO tailwindcss_oxide::scanner: Reading "D:\\se_project\\team02\\jest.config.js"
2025-12-24T03:21:16.313223Z  INFO tailwindcss_oxide::scanner: Reading "D:\\se_project\\team02\\eslint.config.mjs"
2025-12-24T03:21:16.313266Z  INFO tailwindcss_oxide::scanner: Reading "D:\\se_project\\team02\\constants\\category.ts"
2025-12-24T03:21:16.313283Z  INFO tailwindcss_oxide::scanner: Reading "D:\\se_project\\team02\\app\\user\\talk\\page.tsx"
2025-12-24T03:21:16.313286Z  INFO tailwindcss_oxide::scanner: Reading "D:\\se_project\\team02\\lib\\utils.ts"
2025-12-24T03:21:16.313293Z  INFO tailwindcss_oxide::scanner: Reading "D:\\se_project\\team02\\DEPLOYMENT_GUIDE.md"
2025-12-24T03:21:16.313359Z  INFO tailwindcss_oxide::scanner: Reading "D:\\se_project\\team02\\middleware.ts"
2025-12-24T03:21:16.313369Z  INFO tailwindcss_oxide::scanner: Reading "D:\\se_project\\team02\\app\\user\\vote\\page.tsx"
2025-12-24T03:21:16.313382Z  INFO tailwindcss_oxide::scanner: Reading "D:\\se_project\\team02\\docker-compose.prod.yml"
2025-12-24T03:21:16.313390Z  INFO tailwindcss_oxide::scanner: Reading "D:\\se_project\\team02\\azure\\cloud-init.yml"
2025-12-24T03:21:16.313416Z  INFO tailwindcss_oxide::scanner: Reading "D:\\se_project\\team02\\azure\\create-azure-vm.sh"
2025-12-24T03:21:16.313450Z  INFO tailwindcss_oxide::scanner: Reading "D:\\se_project\\team02\\app\\admin\\donation\\page.tsx"
2025-12-24T03:21:16.313531Z  INFO tailwindcss_oxide::scanner: Reading "D:\\se_project\\team02\\app\\user\\souvenir\\page.tsx"
2025-12-24T03:21:16.313713Z  INFO extract_candidates:read_all_files: tailwindcss_oxide::scanner: exit
2025-12-24T03:21:16.313735Z  INFO extract_candidates:parse_all_blobs: tailwindcss_oxide::scanner: enter
2025-12-24T03:21:16.313739Z  INFO extract_candidates:parse_all_blobs:extract: tailwindcss_oxide::scanner: enter
2025-12-24T03:21:16.322835Z  INFO extract_candidates:parse_all_blobs:extract: tailwindcss_oxide::scanner: exit
2025-12-24T03:21:16.323157Z  INFO extract_candidates:parse_all_blobs: tailwindcss_oxide::scanner: exit
2025-12-24T03:21:16.323167Z  INFO extract_candidates:read_all_files: tailwindcss_oxide::scanner: enter
2025-12-24T03:21:16.323171Z  INFO extract_candidates:read_all_files: tailwindcss_oxide::scanner: Reading 1 file(s)
2025-12-24T03:21:16.323307Z  INFO extract_candidates:read_all_files: tailwindcss_oxide::scanner: Reading "D:\\se_project\\team02\\app\\globals.css"
2025-12-24T03:21:16.323319Z  INFO extract_candidates:read_all_files: tailwindcss_oxide::scanner: exit
2025-12-24T03:21:16.323329Z  INFO extract_candidates:extract_css_variables: tailwindcss_oxide::scanner: enter
2025-12-24T03:21:16.323333Z  INFO extract_candidates:extract_css_variables:extract: tailwindcss_oxide::scanner: enter
2025-12-24T03:21:16.323425Z  INFO extract_candidates:extract_css_variables:extract: tailwindcss_oxide::scanner: exit
2025-12-24T03:21:16.323453Z  INFO extract_candidates:extract_css_variables: tailwindcss_oxide::scanner: exit
2025-12-24T03:21:16.324719Z  INFO extract_candidates: tailwindcss_oxide::scanner: exit
2025-12-24T03:21:16.326429Z  INFO get_files: tailwindcss_oxide::scanner: enter
2025-12-24T03:21:16.326464Z  INFO get_files:scan_sources: tailwindcss_oxide::scanner: enter
2025-12-24T03:21:16.327755Z  INFO get_files:scan_sources: tailwindcss_oxide::scanner: Discovering "D:\\se_project\\team02\\.swc"
2025-12-24T03:21:16.327929Z  INFO get_files:scan_sources: tailwindcss_oxide::scanner: Discovering "D:\\se_project\\team02\\.swc\\plugins"
2025-12-24T03:21:16.328059Z  INFO get_files:scan_sources: tailwindcss_oxide::scanner: Discovering "D:\\se_project\\team02\\.swc\\plugins\\windows_x86_64_20.0.0"
2025-12-24T03:21:16.328244Z  INFO get_files:scan_sources: tailwindcss_oxide::scanner: Discovering "D:\\se_project\\team02\\app"
2025-12-24T03:21:16.328382Z  INFO get_files:scan_sources: tailwindcss_oxide::scanner: Discovering "D:\\se_project\\team02\\app\\admin"
2025-12-24T03:21:16.328510Z  INFO get_files:scan_sources: tailwindcss_oxide::scanner: Discovering "D:\\se_project\\team02\\app\\admin\\booking"
2025-12-24T03:21:16.328697Z  INFO get_files:scan_sources: tailwindcss_oxide::scanner: Discovering "D:\\se_project\\team02\\app\\admin\\budget_approval"
2025-12-24T03:21:16.328833Z  INFO get_files:scan_sources: tailwindcss_oxide::scanner: Discovering "D:\\se_project\\team02\\app\\admin\\budget_approval\\budget_rounds"
2025-12-24T03:21:16.329010Z  INFO get_files:scan_sources: tailwindcss_oxide::scanner: Discovering "D:\\se_project\\team02\\app\\admin\\budget_approval\\create"
2025-12-24T03:21:16.329227Z  INFO get_files:scan_sources: tailwindcss_oxide::scanner: Discovering "D:\\se_project\\team02\\app\\admin\\budget_approval\\edit"
2025-12-24T03:21:16.329385Z  INFO get_files:scan_sources: tailwindcss_oxide::scanner: Discovering "D:\\se_project\\team02\\app\\admin\\budget_approval\\edit\\[id]"
2025-12-24T03:21:16.329617Z  INFO get_files:scan_sources: tailwindcss_oxide::scanner: Discovering "D:\\se_project\\team02\\app\\admin\\budget_report"
2025-12-24T03:21:16.329743Z  INFO get_files:scan_sources: tailwindcss_oxide::scanner: Discovering "D:\\se_project\\team02\\app\\admin\\budget_report\\create"
2025-12-24T03:21:16.329940Z  INFO get_files:scan_sources: tailwindcss_oxide::scanner: Discovering "D:\\se_project\\team02\\app\\admin\\budget_report\\edit"
2025-12-24T03:21:16.330090Z  INFO get_files:scan_sources: tailwindcss_oxide::scanner: Discovering "D:\\se_project\\team02\\app\\admin\\budget_report\\edit\\[id]"
2025-12-24T03:21:16.330322Z  INFO get_files:scan_sources: tailwindcss_oxide::scanner: Discovering "D:\\se_project\\team02\\app\\admin\\donation"
2025-12-24T03:21:16.330658Z  INFO get_files:scan_sources: tailwindcss_oxide::scanner: Discovering "D:\\se_project\\team02\\app\\admin\\donation\\create"
2025-12-24T03:21:16.330912Z  INFO get_files:scan_sources: tailwindcss_oxide::scanner: Discovering "D:\\se_project\\team02\\app\\admin\\donation\\projects"
2025-12-24T03:21:16.331133Z  INFO get_files:scan_sources: tailwindcss_oxide::scanner: Discovering "D:\\se_project\\team02\\app\\admin\\donation\\[id]"
2025-12-24T03:21:16.331284Z  INFO get_files:scan_sources: tailwindcss_oxide::scanner: Discovering "D:\\se_project\\team02\\app\\admin\\donation\\[id]\\edit"
2025-12-24T03:21:16.331532Z  INFO get_files:scan_sources: tailwindcss_oxide::scanner: Discovering "D:\\se_project\\team02\\app\\admin\\job"
2025-12-24T03:21:16.331667Z  INFO get_files:scan_sources: tailwindcss_oxide::scanner: Discovering "D:\\se_project\\team02\\app\\admin\\job\\edit"
2025-12-24T03:21:16.331891Z  INFO get_files:scan_sources: tailwindcss_oxide::scanner: Discovering "D:\\se_project\\team02\\app\\admin\\news"
2025-12-24T03:21:16.332041Z  INFO get_files:scan_sources: tailwindcss_oxide::scanner: Discovering "D:\\se_project\\team02\\app\\admin\\news\\appove"
2025-12-24T03:21:16.332341Z  INFO get_files:scan_sources: tailwindcss_oxide::scanner: Discovering "D:\\se_project\\team02\\app\\admin\\news\\create"
2025-12-24T03:21:16.332636Z  INFO get_files:scan_sources: tailwindcss_oxide::scanner: Discovering "D:\\se_project\\team02\\app\\admin\\payment"
2025-12-24T03:21:16.332819Z  INFO get_files:scan_sources: tailwindcss_oxide::scanner: Discovering "D:\\se_project\\team02\\app\\admin\\souvenir"
2025-12-24T03:21:16.332951Z  INFO get_files:scan_sources: tailwindcss_oxide::scanner: Discovering "D:\\se_project\\team02\\app\\admin\\souvenir\\activity"
2025-12-24T03:21:16.333150Z  INFO get_files:scan_sources: tailwindcss_oxide::scanner: Discovering "D:\\se_project\\team02\\app\\admin\\souvenir\\detail"
2025-12-24T03:21:16.333318Z  INFO get_files:scan_sources: tailwindcss_oxide::scanner: Discovering "D:\\se_project\\team02\\app\\admin\\souvenir\\donation"
2025-12-24T03:21:16.333567Z  INFO get_files:scan_sources: tailwindcss_oxide::scanner: Discovering "D:\\se_project\\team02\\app\\admin\\talk"
2025-12-24T03:21:16.333762Z  INFO get_files:scan_sources: tailwindcss_oxide::scanner: Discovering "D:\\se_project\\team02\\app\\admin\\usermanage"
2025-12-24T03:21:16.334388Z  INFO get_files:scan_sources: tailwindcss_oxide::scanner: Discovering "D:\\se_project\\team02\\app\\api"
2025-12-24T03:21:16.334564Z  INFO get_files:scan_sources: tailwindcss_oxide::scanner: Discovering "D:\\se_project\\team02\\app\\api\\admin"
2025-12-24T03:21:16.334820Z  INFO get_files:scan_sources: tailwindcss_oxide::scanner: Discovering "D:\\se_project\\team02\\app\\api\\admin\\donations"
2025-12-24T03:21:16.335058Z  INFO get_files:scan_sources: tailwindcss_oxide::scanner: Discovering "D:\\se_project\\team02\\app\\api\\admin\\events"
2025-12-24T03:21:16.335240Z  INFO get_files:scan_sources: tailwindcss_oxide::scanner: Discovering "D:\\se_project\\team02\\app\\api\\admin\\events\\[id]"
2025-12-24T03:21:16.335368Z  INFO get_files:scan_sources: tailwindcss_oxide::scanner: Discovering "D:\\se_project\\team02\\app\\api\\admin\\events\\[id]\\registrations"
2025-12-24T03:21:16.335595Z  INFO get_files:scan_sources: tailwindcss_oxide::scanner: Discovering "D:\\se_project\\team02\\app\\api\\admin\\news"
2025-12-24T03:21:16.335719Z  INFO get_files:scan_sources: tailwindcss_oxide::scanner: Discovering "D:\\se_project\\team02\\app\\api\\admin\\news\\submission"
2025-12-24T03:21:16.335930Z  INFO get_files:scan_sources: tailwindcss_oxide::scanner: Discovering "D:\\se_project\\team02\\app\\api\\admin\\shipments"
2025-12-24T03:21:16.336055Z  INFO get_files:scan_sources: tailwindcss_oxide::scanner: Discovering "D:\\se_project\\team02\\app\\api\\admin\\shipments\\[id]"
2025-12-24T03:21:16.336261Z  INFO get_files:scan_sources: tailwindcss_oxide::scanner: Discovering "D:\\se_project\\team02\\app\\api\\admin\\souvenir"
2025-12-24T03:21:16.336395Z  INFO get_files:scan_sources: tailwindcss_oxide::scanner: Discovering "D:\\se_project\\team02\\app\\api\\admin\\souvenir\\items"
2025-12-24T03:21:16.336578Z  INFO get_files:scan_sources: tailwindcss_oxide::scanner: Discovering "D:\\se_project\\team02\\app\\api\\admin\\souvenir\\items\\[id]"
2025-12-24T03:21:16.336780Z  INFO get_files:scan_sources: tailwindcss_oxide::scanner: Discovering "D:\\se_project\\team02\\app\\api\\admin\\souvenir\\link-options"
2025-12-24T03:21:16.336970Z  INFO get_files:scan_sources: tailwindcss_oxide::scanner: Discovering "D:\\se_project\\team02\\app\\api\\admin\\souvenir\\redeem"
2025-12-24T03:21:16.337143Z  INFO get_files:scan_sources: tailwindcss_oxide::scanner: Discovering "D:\\se_project\\team02\\app\\api\\admin\\souvenir\\shipments"
2025-12-24T03:21:16.337311Z  INFO get_files:scan_sources: tailwindcss_oxide::scanner: Discovering "D:\\se_project\\team02\\app\\api\\admin\\souvenir\\shipments\\[id]"
2025-12-24T03:21:16.337505Z  INFO get_files:scan_sources: tailwindcss_oxide::scanner: Discovering "D:\\se_project\\team02\\app\\api\\admin\\souvenir\\stock"
2025-12-24T03:21:16.337711Z  INFO get_files:scan_sources: tailwindcss_oxide::scanner: Discovering "D:\\se_project\\team02\\app\\api\\admin\\update-status"
2025-12-24T03:21:16.337876Z  INFO get_files:scan_sources: tailwindcss_oxide::scanner: Discovering "D:\\se_project\\team02\\app\\api\\admin\\users"
2025-12-24T03:21:16.338062Z  INFO get_files:scan_sources: tailwindcss_oxide::scanner: Discovering "D:\\se_project\\team02\\app\\api\\auth"
2025-12-24T03:21:16.338196Z  INFO get_files:scan_sources: tailwindcss_oxide::scanner: Discovering "D:\\se_project\\team02\\app\\api\\auth\\forgot-password"
2025-12-24T03:21:16.338367Z  INFO get_files:scan_sources: tailwindcss_oxide::scanner: Discovering "D:\\se_project\\team02\\app\\api\\auth\\login"
2025-12-24T03:21:16.338558Z  INFO get_files:scan_sources: tailwindcss_oxide::scanner: Discovering "D:\\se_project\\team02\\app\\api\\auth\\logout"
2025-12-24T03:21:16.338728Z  INFO get_files:scan_sources: tailwindcss_oxide::scanner: Discovering "D:\\se_project\\team02\\app\\api\\auth\\me"
2025-12-24T03:21:16.338900Z  INFO get_files:scan_sources: tailwindcss_oxide::scanner: Discovering "D:\\se_project\\team02\\app\\api\\auth\\register"
2025-12-24T03:21:16.339071Z  INFO get_files:scan_sources: tailwindcss_oxide::scanner: Discovering "D:\\se_project\\team02\\app\\api\\auth\\reset-password"
2025-12-24T03:21:16.339280Z  INFO get_files:scan_sources: tailwindcss_oxide::scanner: Discovering "D:\\se_project\\team02\\app\\api\\booking"
2025-12-24T03:21:16.339444Z  INFO get_files:scan_sources: tailwindcss_oxide::scanner: Discovering "D:\\se_project\\team02\\app\\api\\booking-form"
2025-12-24T03:21:16.339611Z  INFO get_files:scan_sources: tailwindcss_oxide::scanner: Discovering "D:\\se_project\\team02\\app\\api\\budget-report"
2025-12-24T03:21:16.339779Z  INFO get_files:scan_sources: tailwindcss_oxide::scanner: Discovering "D:\\se_project\\team02\\app\\api\\budget-report\\approved-projects"
2025-12-24T03:21:16.339977Z  INFO get_files:scan_sources: tailwindcss_oxide::scanner: Discovering "D:\\se_project\\team02\\app\\api\\budget-report\\restore"
2025-12-24T03:21:16.340209Z  INFO get_files:scan_sources: tailwindcss_oxide::scanner: Discovering "D:\\se_project\\team02\\app\\api\\budget-round"
2025-12-24T03:21:16.340388Z  INFO get_files:scan_sources: tailwindcss_oxide::scanner: Discovering "D:\\se_project\\team02\\app\\api\\check-env"
2025-12-24T03:21:16.340649Z  INFO get_files:scan_sources: tailwindcss_oxide::scanner: Discovering "D:\\se_project\\team02\\app\\api\\content"
2025-12-24T03:21:16.340826Z  INFO get_files:scan_sources: tailwindcss_oxide::scanner: Discovering "D:\\se_project\\team02\\app\\api\\content\\[id]"
2025-12-24T03:21:16.341001Z  INFO get_files:scan_sources: tailwindcss_oxide::scanner: Discovering "D:\\se_project\\team02\\app\\api\\content\\[id]\\registrations"
2025-12-24T03:21:16.341217Z  INFO get_files:scan_sources: tailwindcss_oxide::scanner: Discovering "D:\\se_project\\team02\\app\\api\\donation-project"
2025-12-24T03:21:16.341568Z  INFO get_files:scan_sources: tailwindcss_oxide::scanner: Discovering "D:\\se_project\\team02\\app\\api\\donation-project\\upload-poster"
2025-12-24T03:21:16.341882Z  INFO get_files:scan_sources: tailwindcss_oxide::scanner: Discovering "D:\\se_project\\team02\\app\\api\\donation-project\\[id]"
2025-12-24T03:21:16.342193Z  INFO get_files:scan_sources: tailwindcss_oxide::scanner: Discovering "D:\\se_project\\team02\\app\\api\\donation-transaction"
2025-12-24T03:21:16.342407Z  INFO get_files:scan_sources: tailwindcss_oxide::scanner: Discovering "D:\\se_project\\team02\\app\\api\\forum"
2025-12-24T03:21:16.342546Z  INFO get_files:scan_sources: tailwindcss_oxide::scanner: Discovering "D:\\se_project\\team02\\app\\api\\forum\\category"
2025-12-24T03:21:16.342734Z  INFO get_files:scan_sources: tailwindcss_oxide::scanner: Discovering "D:\\se_project\\team02\\app\\api\\forum\\comment"
2025-12-24T03:21:16.342934Z  INFO get_files:scan_sources: tailwindcss_oxide::scanner: Discovering "D:\\se_project\\team02\\app\\api\\forum\\topic"
2025-12-24T03:21:16.343089Z  INFO get_files:scan_sources: tailwindcss_oxide::scanner: Discovering "D:\\se_project\\team02\\app\\api\\forum\\topic\\[id]"
2025-12-24T03:21:16.343324Z  INFO get_files:scan_sources: tailwindcss_oxide::scanner: Discovering "D:\\se_project\\team02\\app\\api\\fund-projects"
2025-12-24T03:21:16.343498Z  INFO get_files:scan_sources: tailwindcss_oxide::scanner: Discovering "D:\\se_project\\team02\\app\\api\\fund-projects\\[id]"
2025-12-24T03:21:16.343741Z  INFO get_files:scan_sources: tailwindcss_oxide::scanner: Discovering "D:\\se_project\\team02\\app\\api\\payment-method"
2025-12-24T03:21:16.343934Z  INFO get_files:scan_sources: tailwindcss_oxide::scanner: Discovering "D:\\se_project\\team02\\app\\api\\project-manager"
2025-12-24T03:21:16.344127Z  INFO get_files:scan_sources: tailwindcss_oxide::scanner: Discovering "D:\\se_project\\team02\\app\\api\\project-proposal"
2025-12-24T03:21:16.344340Z  INFO get_files:scan_sources: tailwindcss_oxide::scanner: Discovering "D:\\se_project\\team02\\app\\api\\project-vote"
2025-12-24T03:21:16.344541Z  INFO get_files:scan_sources: tailwindcss_oxide::scanner: Discovering "D:\\se_project\\team02\\app\\api\\souvenir"
2025-12-24T03:21:16.344683Z  INFO get_files:scan_sources: tailwindcss_oxide::scanner: Discovering "D:\\se_project\\team02\\app\\api\\souvenir\\items"
2025-12-24T03:21:16.344883Z  INFO get_files:scan_sources: tailwindcss_oxide::scanner: Discovering "D:\\se_project\\team02\\app\\api\\test"
2025-12-24T03:21:16.345066Z  INFO get_files:scan_sources: tailwindcss_oxide::scanner: Discovering "D:\\se_project\\team02\\app\\api\\test-gmail"
2025-12-24T03:21:16.345244Z  INFO get_files:scan_sources: tailwindcss_oxide::scanner: Discovering "D:\\se_project\\team02\\app\\api\\upload"
2025-12-24T03:21:16.345481Z  INFO get_files:scan_sources: tailwindcss_oxide::scanner: Discovering "D:\\se_project\\team02\\app\\api\\user"
2025-12-24T03:21:16.345619Z  INFO get_files:scan_sources: tailwindcss_oxide::scanner: Discovering "D:\\se_project\\team02\\app\\api\\user\\news"
2025-12-24T03:21:16.345741Z  INFO get_files:scan_sources: tailwindcss_oxide::scanner: Discovering "D:\\se_project\\team02\\app\\api\\user\\news\\submission"
2025-12-24T03:21:16.346106Z  INFO get_files:scan_sources: tailwindcss_oxide::scanner: Discovering "D:\\se_project\\team02\\app\\api\\user\\profile"
2025-12-24T03:21:16.346479Z  INFO get_files:scan_sources: tailwindcss_oxide::scanner: Discovering "D:\\se_project\\team02\\app\\auth"
2025-12-24T03:21:16.346673Z  INFO get_files:scan_sources: tailwindcss_oxide::scanner: Discovering "D:\\se_project\\team02\\app\\auth\\forgot-password"
2025-12-24T03:21:16.347661Z  INFO get_files:scan_sources: tailwindcss_oxide::scanner: Discovering "D:\\se_project\\team02\\app\\auth\\login"
2025-12-24T03:21:16.348009Z  INFO get_files:scan_sources: tailwindcss_oxide::scanner: Discovering "D:\\se_project\\team02\\app\\auth\\register"
2025-12-24T03:21:16.348376Z  INFO get_files:scan_sources: tailwindcss_oxide::scanner: Discovering "D:\\se_project\\team02\\app\\auth\\reset-password"
2025-12-24T03:21:16.348609Z  INFO get_files:scan_sources: tailwindcss_oxide::scanner: Discovering "D:\\se_project\\team02\\app\\components"
2025-12-24T03:21:16.348731Z  INFO get_files:scan_sources: tailwindcss_oxide::scanner: Discovering "D:\\se_project\\team02\\app\\components\\layout"
2025-12-24T03:21:16.348917Z  INFO get_files:scan_sources: tailwindcss_oxide::scanner: Discovering "D:\\se_project\\team02\\app\\components\\tables"
2025-12-24T03:21:16.349100Z  INFO get_files:scan_sources: tailwindcss_oxide::scanner: Discovering "D:\\se_project\\team02\\app\\components\\ui"
2025-12-24T03:21:16.349615Z  INFO get_files:scan_sources: tailwindcss_oxide::scanner: Discovering "D:\\se_project\\team02\\app\\lib"
2025-12-24T03:21:16.350033Z  INFO get_files:scan_sources: tailwindcss_oxide::scanner: Discovering "D:\\se_project\\team02\\app\\types"
2025-12-24T03:21:16.350254Z  INFO get_files:scan_sources: tailwindcss_oxide::scanner: Discovering "D:\\se_project\\team02\\app\\user"
2025-12-24T03:21:16.350390Z  INFO get_files:scan_sources: tailwindcss_oxide::scanner: Discovering "D:\\se_project\\team02\\app\\user\\booking"
2025-12-24T03:21:16.350945Z  INFO get_files:scan_sources: tailwindcss_oxide::scanner: Discovering "D:\\se_project\\team02\\app\\user\\budget"
2025-12-24T03:21:16.351151Z  INFO get_files:scan_sources: tailwindcss_oxide::scanner: Discovering "D:\\se_project\\team02\\app\\user\\donation"
2025-12-24T03:21:16.351308Z  INFO get_files:scan_sources: tailwindcss_oxide::scanner: Discovering "D:\\se_project\\team02\\app\\user\\donation\\form"
2025-12-24T03:21:16.351499Z  INFO get_files:scan_sources: tailwindcss_oxide::scanner: Discovering "D:\\se_project\\team02\\app\\user\\donation\\[id]"
2025-12-24T03:21:16.351681Z  INFO get_files:scan_sources: tailwindcss_oxide::scanner: Discovering "D:\\se_project\\team02\\app\\user\\donation-budget"
2025-12-24T03:21:16.351806Z  INFO get_files:scan_sources: tailwindcss_oxide::scanner: Discovering "D:\\se_project\\team02\\app\\user\\donation-budget\\detail"
2025-12-24T03:21:16.351985Z  INFO get_files:scan_sources: tailwindcss_oxide::scanner: Discovering "D:\\se_project\\team02\\app\\user\\donation-budget\\from"
2025-12-24T03:21:16.352495Z  INFO get_files:scan_sources: tailwindcss_oxide::scanner: Discovering "D:\\se_project\\team02\\app\\user\\editprofile"
2025-12-24T03:21:16.352702Z  INFO get_files:scan_sources: tailwindcss_oxide::scanner: Discovering "D:\\se_project\\team02\\app\\user\\job"
2025-12-24T03:21:16.352838Z  INFO get_files:scan_sources: tailwindcss_oxide::scanner: Discovering "D:\\se_project\\team02\\app\\user\\job\\create"
2025-12-24T03:21:16.353001Z  INFO get_files:scan_sources: tailwindcss_oxide::scanner: Discovering "D:\\se_project\\team02\\app\\user\\job\\detail"
2025-12-24T03:21:16.353197Z  INFO get_files:scan_sources: tailwindcss_oxide::scanner: Discovering "D:\\se_project\\team02\\app\\user\\news"
2025-12-24T03:21:16.353341Z  INFO get_files:scan_sources: tailwindcss_oxide::scanner: Discovering "D:\\se_project\\team02\\app\\user\\news\\submission"
2025-12-24T03:21:16.353502Z  INFO get_files:scan_sources: tailwindcss_oxide::scanner: Discovering "D:\\se_project\\team02\\app\\user\\news\\[slug]"
2025-12-24T03:21:16.353672Z  INFO get_files:scan_sources: tailwindcss_oxide::scanner: Discovering "D:\\se_project\\team02\\app\\user\\payment"
2025-12-24T03:21:16.353858Z  INFO get_files:scan_sources: tailwindcss_oxide::scanner: Discovering "D:\\se_project\\team02\\app\\user\\souvenir"
2025-12-24T03:21:16.354064Z  INFO get_files:scan_sources: tailwindcss_oxide::scanner: Discovering "D:\\se_project\\team02\\app\\user\\talk"
2025-12-24T03:21:16.354184Z  INFO get_files:scan_sources: tailwindcss_oxide::scanner: Discovering "D:\\se_project\\team02\\app\\user\\talk\\create"
2025-12-24T03:21:16.354404Z  INFO get_files:scan_sources: tailwindcss_oxide::scanner: Discovering "D:\\se_project\\team02\\app\\user\\vote"
2025-12-24T03:21:16.354660Z  INFO get_files:scan_sources: tailwindcss_oxide::scanner: Discovering "D:\\se_project\\team02\\azure"
2025-12-24T03:21:16.354902Z  INFO get_files:scan_sources: tailwindcss_oxide::scanner: Discovering "D:\\se_project\\team02\\components"
2025-12-24T03:21:16.355022Z  INFO get_files:scan_sources: tailwindcss_oxide::scanner: Discovering "D:\\se_project\\team02\\components\\ui"
2025-12-24T03:21:16.355223Z  INFO get_files:scan_sources: tailwindcss_oxide::scanner: Discovering "D:\\se_project\\team02\\constants"
2025-12-24T03:21:16.355565Z  INFO get_files:scan_sources: tailwindcss_oxide::scanner: Discovering "D:\\se_project\\team02\\lib"
2025-12-24T03:21:16.356054Z  INFO get_files:scan_sources: tailwindcss_oxide::scanner: Discovering "D:\\se_project\\team02\\prisma"
2025-12-24T03:21:16.356300Z  INFO get_files:scan_sources: tailwindcss_oxide::scanner: Discovering "D:\\se_project\\team02\\prisma\\migrations"
2025-12-24T03:21:16.356506Z  INFO get_files:scan_sources: tailwindcss_oxide::scanner: Discovering "D:\\se_project\\team02\\prisma\\migrations\\20251110101614_init"
2025-12-24T03:21:16.356698Z  INFO get_files:scan_sources: tailwindcss_oxide::scanner: Discovering "D:\\se_project\\team02\\prisma\\migrations\\20251115160744_init_auth"
2025-12-24T03:21:16.356870Z  INFO get_files:scan_sources: tailwindcss_oxide::scanner: Discovering "D:\\se_project\\team02\\prisma\\migrations\\20251116110230_add_education_and_verification_tables"
2025-12-24T03:21:16.357048Z  INFO get_files:scan_sources: tailwindcss_oxide::scanner: Discovering "D:\\se_project\\team02\\prisma\\migrations\\20251126205101_add_submission"
2025-12-24T03:21:16.357215Z  INFO get_files:scan_sources: tailwindcss_oxide::scanner: Discovering "D:\\se_project\\team02\\prisma\\migrations\\20251126213836_some_meaningful_name"
2025-12-24T03:21:16.357623Z  INFO get_files:scan_sources: tailwindcss_oxide::scanner: Discovering "D:\\se_project\\team02\\prisma\\migrations\\20251205043711_create_donation_models"
2025-12-24T03:21:16.357839Z  INFO get_files:scan_sources: tailwindcss_oxide::scanner: Discovering "D:\\se_project\\team02\\prisma\\migrations\\20251205080712_add_souvenir_system"
2025-12-24T03:21:16.358019Z  INFO get_files:scan_sources: tailwindcss_oxide::scanner: Discovering "D:\\se_project\\team02\\prisma\\migrations\\20251205095840_add_booking_content_management_system"
2025-12-24T03:21:16.358209Z  INFO get_files:scan_sources: tailwindcss_oxide::scanner: Discovering "D:\\se_project\\team02\\prisma\\migrations\\20251205100153_add_budget_project_management_system"
2025-12-24T03:21:16.358561Z  INFO get_files:scan_sources: tailwindcss_oxide::scanner: Discovering "D:\\se_project\\team02\\prisma\\migrations\\20251205100726_add_community_forum_system"
2025-12-24T03:21:16.358823Z  INFO get_files:scan_sources: tailwindcss_oxide::scanner: Discovering "D:\\se_project\\team02\\prisma\\migrations\\20251205170425_remove_staff_role"
2025-12-24T03:21:16.359119Z  INFO get_files:scan_sources: tailwindcss_oxide::scanner: Discovering "D:\\se_project\\team02\\prisma\\migrations\\20251206052336_add_souvenir_item_relation"
2025-12-24T03:21:16.359287Z  INFO get_files:scan_sources: tailwindcss_oxide::scanner: Discovering "D:\\se_project\\team02\\prisma\\migrations\\20251206060306_some_meaningful_name"
2025-12-24T03:21:16.359464Z  INFO get_files:scan_sources: tailwindcss_oxide::scanner: Discovering "D:\\se_project\\team02\\prisma\\migrations\\20251206092847_add_title_to_content"
2025-12-24T03:21:16.359628Z  INFO get_files:scan_sources: tailwindcss_oxide::scanner: Discovering "D:\\se_project\\team02\\prisma\\migrations\\20251213101316_add_is_published"
2025-12-24T03:21:16.359793Z  INFO get_files:scan_sources: tailwindcss_oxide::scanner: Discovering "D:\\se_project\\team02\\prisma\\migrations\\20251213105547"
2025-12-24T03:21:16.360166Z  INFO get_files:scan_sources: tailwindcss_oxide::scanner: Discovering "D:\\se_project\\team02\\prisma\\migrations\\20251214090808_add_souvenir_to_donation_project"
2025-12-24T03:21:16.360390Z  INFO get_files:scan_sources: tailwindcss_oxide::scanner: Discovering "D:\\se_project\\team02\\prisma\\migrations\\20251214114700_add_shipment_dates"
2025-12-24T03:21:16.360573Z  INFO get_files:scan_sources: tailwindcss_oxide::scanner: Discovering "D:\\se_project\\team02\\prisma\\migrations\\20251217025913_add_password_reset_token"
2025-12-24T03:21:16.360744Z  INFO get_files:scan_sources: tailwindcss_oxide::scanner: Discovering "D:\\se_project\\team02\\prisma\\migrations\\20251219090049_y"
2025-12-24T03:21:16.360920Z  INFO get_files:scan_sources: tailwindcss_oxide::scanner: Discovering "D:\\se_project\\team02\\prisma\\migrations\\20251224031927_y"
2025-12-24T03:21:16.361286Z  INFO get_files:scan_sources: tailwindcss_oxide::scanner: Discovering "D:\\se_project\\team02\\public"
2025-12-24T03:21:16.361459Z  INFO get_files:scan_sources: tailwindcss_oxide::scanner: Discovering "D:\\se_project\\team02\\public\\auth_photo"
2025-12-24T03:21:16.361612Z  INFO get_files:scan_sources: tailwindcss_oxide::scanner: Discovering "D:\\se_project\\team02\\public\\budget"
2025-12-24T03:21:16.361738Z  INFO get_files:scan_sources: tailwindcss_oxide::scanner: Discovering "D:\\se_project\\team02\\public\\budget\\upload"
2025-12-24T03:21:16.362078Z  INFO get_files:scan_sources: tailwindcss_oxide::scanner: Discovering "D:\\se_project\\team02\\public\\Content"
2025-12-24T03:21:16.362284Z  INFO get_files:scan_sources: tailwindcss_oxide::scanner: Discovering "D:\\se_project\\team02\\public\\donation_poster"
2025-12-24T03:21:16.362556Z  INFO get_files:scan_sources: tailwindcss_oxide::scanner: Discovering "D:\\se_project\\team02\\public\\souvenir"
2025-12-24T03:21:16.362731Z  INFO get_files:scan_sources: tailwindcss_oxide::scanner: Discovering "D:\\se_project\\team02\\public\\submission"
2025-12-24T03:21:16.362868Z  INFO get_files:scan_sources: tailwindcss_oxide::scanner: Discovering "D:\\se_project\\team02\\public\\SUT_font"
2025-12-24T03:21:16.363023Z  INFO get_files:scan_sources: tailwindcss_oxide::scanner: Discovering "D:\\se_project\\team02\\public\\SUT_font\\NotoSansThaiLooped"
2025-12-24T03:21:16.363153Z  INFO get_files:scan_sources: tailwindcss_oxide::scanner: Discovering "D:\\se_project\\team02\\public\\SUT_font\\NotoSansThaiLooped\\full"
2025-12-24T03:21:16.363338Z  INFO get_files:scan_sources: tailwindcss_oxide::scanner: Discovering "D:\\se_project\\team02\\public\\SUT_font\\NotoSansThaiLooped\\full\\otf"
2025-12-24T03:21:16.363655Z  INFO get_files:scan_sources: tailwindcss_oxide::scanner: Discovering "D:\\se_project\\team02\\public\\SUT_font\\NotoSansThaiLooped\\full\\ttf"
2025-12-24T03:21:16.363988Z  INFO get_files:scan_sources: tailwindcss_oxide::scanner: Discovering "D:\\se_project\\team02\\public\\SUT_font\\NotoSansThaiLooped\\googlefonts"
2025-12-24T03:21:16.364126Z  INFO get_files:scan_sources: tailwindcss_oxide::scanner: Discovering "D:\\se_project\\team02\\public\\SUT_font\\NotoSansThaiLooped\\googlefonts\\ttf"
2025-12-24T03:21:16.364315Z  INFO get_files:scan_sources: tailwindcss_oxide::scanner: Discovering "D:\\se_project\\team02\\public\\SUT_font\\NotoSansThaiLooped\\hinted"
2025-12-24T03:21:16.364472Z  INFO get_files:scan_sources: tailwindcss_oxide::scanner: Discovering "D:\\se_project\\team02\\public\\SUT_font\\NotoSansThaiLooped\\hinted\\ttf"
2025-12-24T03:21:16.364807Z  INFO get_files:scan_sources: tailwindcss_oxide::scanner: Discovering "D:\\se_project\\team02\\public\\SUT_font\\NotoSansThaiLooped\\unhinted"
2025-12-24T03:21:16.364943Z  INFO get_files:scan_sources: tailwindcss_oxide::scanner: Discovering "D:\\se_project\\team02\\public\\SUT_font\\NotoSansThaiLooped\\unhinted\\otf"
2025-12-24T03:21:16.365274Z  INFO get_files:scan_sources: tailwindcss_oxide::scanner: Discovering "D:\\se_project\\team02\\public\\SUT_font\\NotoSansThaiLooped\\unhinted\\ttf"
2025-12-24T03:21:16.365694Z  INFO get_files:scan_sources: tailwindcss_oxide::scanner: Discovering "D:\\se_project\\team02\\public\\SUT_font\\Noto_Sans_Thai"
2025-12-24T03:21:16.365842Z  INFO get_files:scan_sources: tailwindcss_oxide::scanner: Discovering "D:\\se_project\\team02\\public\\SUT_font\\Noto_Sans_Thai\\static"
2025-12-24T03:21:16.365985Z  INFO get_files:scan_sources: tailwindcss_oxide::scanner: Discovering "D:\\se_project\\team02\\public\\SUT_font\\Noto_Sans_Thai\\static\\NotoSansThai"
2025-12-24T03:21:16.366168Z  INFO get_files:scan_sources: tailwindcss_oxide::scanner: Discovering "D:\\se_project\\team02\\public\\SUT_font\\Noto_Sans_Thai\\static\\NotoSansThai_Condensed"
2025-12-24T03:21:16.366376Z  INFO get_files:scan_sources: tailwindcss_oxide::scanner: Discovering "D:\\se_project\\team02\\public\\SUT_font\\Noto_Sans_Thai\\static\\NotoSansThai_ExtraCondensed"
2025-12-24T03:21:16.366554Z  INFO get_files:scan_sources: tailwindcss_oxide::scanner: Discovering "D:\\se_project\\team02\\public\\SUT_font\\Noto_Sans_Thai\\static\\NotoSansThai_SemiCondensed"
2025-12-24T03:21:16.366766Z  INFO get_files:scan_sources: tailwindcss_oxide::scanner: Discovering "D:\\se_project\\team02\\public\\uploads"
2025-12-24T03:21:16.366892Z  INFO get_files:scan_sources: tailwindcss_oxide::scanner: Discovering "D:\\se_project\\team02\\public\\uploads\\content"
2025-12-24T03:21:16.367101Z  INFO get_files:scan_sources: tailwindcss_oxide::scanner: Discovering "D:\\se_project\\team02\\public\\uploads\\posters"
2025-12-24T03:21:16.367270Z  INFO get_files:scan_sources: tailwindcss_oxide::scanner: Discovering "D:\\se_project\\team02\\public\\uploads\\submissions"
2025-12-24T03:21:16.367436Z  INFO get_files:scan_sources: tailwindcss_oxide::scanner: Discovering "D:\\se_project\\team02\\public\\uploads\\transcripts"
2025-12-24T03:21:16.367734Z  INFO get_files:scan_sources: tailwindcss_oxide::scanner: Discovering "D:\\se_project\\team02\\scripts"
2025-12-24T03:21:16.368079Z  INFO get_files:scan_sources: tailwindcss_oxide::scanner: Discovering "D:\\se_project\\team02\\tests"
2025-12-24T03:21:16.368206Z  INFO get_files:scan_sources: tailwindcss_oxide::scanner: Discovering "D:\\se_project\\team02\\tests\\api"
2025-12-24T03:21:16.368327Z  INFO get_files:scan_sources: tailwindcss_oxide::scanner: Discovering "D:\\se_project\\team02\\tests\\api\\auth"
2025-12-24T03:21:16.368487Z  INFO get_files:scan_sources: tailwindcss_oxide::scanner: Discovering "D:\\se_project\\team02\\tests\\api\\booking"
2025-12-24T03:21:16.368656Z  INFO get_files:scan_sources: tailwindcss_oxide::scanner: Discovering "D:\\se_project\\team02\\tests\\api\\content"
2025-12-24T03:21:16.368837Z  INFO get_files:scan_sources: tailwindcss_oxide::scanner: Discovering "D:\\se_project\\team02\\tests\\api\\project-proposal"
2025-12-24T03:21:16.369027Z  INFO get_files:scan_sources: tailwindcss_oxide::scanner: Discovering "D:\\se_project\\team02\\tests\\api\\souvenir"
2025-12-24T03:21:16.369188Z  INFO get_files:scan_sources: tailwindcss_oxide::scanner: Discovering "D:\\se_project\\team02\\tests\\api\\submision"
2025-12-24T03:21:16.369440Z  INFO get_files:scan_sources: tailwindcss_oxide::scanner: exit
2025-12-24T03:21:16.369616Z  INFO get_files: tailwindcss_oxide::scanner: exit
2025-12-24T03:21:16.371034Z  INFO get_globs: tailwindcss_oxide::scanner: enter
2025-12-24T03:21:16.371059Z  INFO get_globs:scan_sources: tailwindcss_oxide::scanner: enter
2025-12-24T03:21:16.372341Z  INFO get_globs:scan_sources: tailwindcss_oxide::scanner: Discovering "D:\\se_project\\team02\\.swc"
2025-12-24T03:21:16.372481Z  INFO get_globs:scan_sources: tailwindcss_oxide::scanner: Discovering "D:\\se_project\\team02\\.swc\\plugins"
2025-12-24T03:21:16.372623Z  INFO get_globs:scan_sources: tailwindcss_oxide::scanner: Discovering "D:\\se_project\\team02\\.swc\\plugins\\windows_x86_64_20.0.0"
2025-12-24T03:21:16.372795Z  INFO get_globs:scan_sources: tailwindcss_oxide::scanner: Discovering "D:\\se_project\\team02\\app"
2025-12-24T03:21:16.372930Z  INFO get_globs:scan_sources: tailwindcss_oxide::scanner: Discovering "D:\\se_project\\team02\\app\\admin"
2025-12-24T03:21:16.373057Z  INFO get_globs:scan_sources: tailwindcss_oxide::scanner: Discovering "D:\\se_project\\team02\\app\\admin\\booking"
2025-12-24T03:21:16.373234Z  INFO get_globs:scan_sources: tailwindcss_oxide::scanner: Discovering "D:\\se_project\\team02\\app\\admin\\budget_approval"
2025-12-24T03:21:16.373374Z  INFO get_globs:scan_sources: tailwindcss_oxide::scanner: Discovering "D:\\se_project\\team02\\app\\admin\\budget_approval\\budget_rounds"
2025-12-24T03:21:16.373550Z  INFO get_globs:scan_sources: tailwindcss_oxide::scanner: Discovering "D:\\se_project\\team02\\app\\admin\\budget_approval\\create"
2025-12-24T03:21:16.373756Z  INFO get_globs:scan_sources: tailwindcss_oxide::scanner: Discovering "D:\\se_project\\team02\\app\\admin\\budget_approval\\edit"
2025-12-24T03:21:16.373927Z  INFO get_globs:scan_sources: tailwindcss_oxide::scanner: Discovering "D:\\se_project\\team02\\app\\admin\\budget_approval\\edit\\[id]"
2025-12-24T03:21:16.374160Z  INFO get_globs:scan_sources: tailwindcss_oxide::scanner: Discovering "D:\\se_project\\team02\\app\\admin\\budget_report"
2025-12-24T03:21:16.374283Z  INFO get_globs:scan_sources: tailwindcss_oxide::scanner: Discovering "D:\\se_project\\team02\\app\\admin\\budget_report\\create"
2025-12-24T03:21:16.374468Z  INFO get_globs:scan_sources: tailwindcss_oxide::scanner: Discovering "D:\\se_project\\team02\\app\\admin\\budget_report\\edit"
2025-12-24T03:21:16.374645Z  INFO get_globs:scan_sources: tailwindcss_oxide::scanner: Discovering "D:\\se_project\\team02\\app\\admin\\budget_report\\edit\\[id]"
2025-12-24T03:21:16.374889Z  INFO get_globs:scan_sources: tailwindcss_oxide::scanner: Discovering "D:\\se_project\\team02\\app\\admin\\donation"
2025-12-24T03:21:16.375015Z  INFO get_globs:scan_sources: tailwindcss_oxide::scanner: Discovering "D:\\se_project\\team02\\app\\admin\\donation\\create"
2025-12-24T03:21:16.375534Z  INFO get_globs:scan_sources: tailwindcss_oxide::scanner: Discovering "D:\\se_project\\team02\\app\\admin\\donation\\projects"
2025-12-24T03:21:16.375883Z  INFO get_globs:scan_sources: tailwindcss_oxide::scanner: Discovering "D:\\se_project\\team02\\app\\admin\\donation\\[id]"
2025-12-24T03:21:16.376026Z  INFO get_globs:scan_sources: tailwindcss_oxide::scanner: Discovering "D:\\se_project\\team02\\app\\admin\\donation\\[id]\\edit"
2025-12-24T03:21:16.376227Z  INFO get_globs:scan_sources: tailwindcss_oxide::scanner: Discovering "D:\\se_project\\team02\\app\\admin\\job"
2025-12-24T03:21:16.376351Z  INFO get_globs:scan_sources: tailwindcss_oxide::scanner: Discovering "D:\\se_project\\team02\\app\\admin\\job\\edit"
2025-12-24T03:21:16.376565Z  INFO get_globs:scan_sources: tailwindcss_oxide::scanner: Discovering "D:\\se_project\\team02\\app\\admin\\news"
2025-12-24T03:21:16.376693Z  INFO get_globs:scan_sources: tailwindcss_oxide::scanner: Discovering "D:\\se_project\\team02\\app\\admin\\news\\appove"
2025-12-24T03:21:16.376854Z  INFO get_globs:scan_sources: tailwindcss_oxide::scanner: Discovering "D:\\se_project\\team02\\app\\admin\\news\\create"
2025-12-24T03:21:16.377069Z  INFO get_globs:scan_sources: tailwindcss_oxide::scanner: Discovering "D:\\se_project\\team02\\app\\admin\\payment"
2025-12-24T03:21:16.377432Z  INFO get_globs:scan_sources: tailwindcss_oxide::scanner: Discovering "D:\\se_project\\team02\\app\\admin\\souvenir"
2025-12-24T03:21:16.377616Z  INFO get_globs:scan_sources: tailwindcss_oxide::scanner: Discovering "D:\\se_project\\team02\\app\\admin\\souvenir\\activity"
2025-12-24T03:21:16.377840Z  INFO get_globs:scan_sources: tailwindcss_oxide::scanner: Discovering "D:\\se_project\\team02\\app\\admin\\souvenir\\detail"
2025-12-24T03:21:16.378004Z  INFO get_globs:scan_sources: tailwindcss_oxide::scanner: Discovering "D:\\se_project\\team02\\app\\admin\\souvenir\\donation"
2025-12-24T03:21:16.378225Z  INFO get_globs:scan_sources: tailwindcss_oxide::scanner: Discovering "D:\\se_project\\team02\\app\\admin\\talk"
2025-12-24T03:21:16.378389Z  INFO get_globs:scan_sources: tailwindcss_oxide::scanner: Discovering "D:\\se_project\\team02\\app\\admin\\usermanage"
2025-12-24T03:21:16.378597Z  INFO get_globs:scan_sources: tailwindcss_oxide::scanner: Discovering "D:\\se_project\\team02\\app\\api"
2025-12-24T03:21:16.378727Z  INFO get_globs:scan_sources: tailwindcss_oxide::scanner: Discovering "D:\\se_project\\team02\\app\\api\\admin"
2025-12-24T03:21:16.378861Z  INFO get_globs:scan_sources: tailwindcss_oxide::scanner: Discovering "D:\\se_project\\team02\\app\\api\\admin\\donations"
2025-12-24T03:21:16.379029Z  INFO get_globs:scan_sources: tailwindcss_oxide::scanner: Discovering "D:\\se_project\\team02\\app\\api\\admin\\events"
2025-12-24T03:21:16.379173Z  INFO get_globs:scan_sources: tailwindcss_oxide::scanner: Discovering "D:\\se_project\\team02\\app\\api\\admin\\events\\[id]"
2025-12-24T03:21:16.379292Z  INFO get_globs:scan_sources: tailwindcss_oxide::scanner: Discovering "D:\\se_project\\team02\\app\\api\\admin\\events\\[id]\\registrations"
2025-12-24T03:21:16.379478Z  INFO get_globs:scan_sources: tailwindcss_oxide::scanner: Discovering "D:\\se_project\\team02\\app\\api\\admin\\news"
2025-12-24T03:21:16.379594Z  INFO get_globs:scan_sources: tailwindcss_oxide::scanner: Discovering "D:\\se_project\\team02\\app\\api\\admin\\news\\submission"
2025-12-24T03:21:16.379766Z  INFO get_globs:scan_sources: tailwindcss_oxide::scanner: Discovering "D:\\se_project\\team02\\app\\api\\admin\\shipments"
2025-12-24T03:21:16.379883Z  INFO get_globs:scan_sources: tailwindcss_oxide::scanner: Discovering "D:\\se_project\\team02\\app\\api\\admin\\shipments\\[id]"
2025-12-24T03:21:16.380056Z  INFO get_globs:scan_sources: tailwindcss_oxide::scanner: Discovering "D:\\se_project\\team02\\app\\api\\admin\\souvenir"
2025-12-24T03:21:16.380175Z  INFO get_globs:scan_sources: tailwindcss_oxide::scanner: Discovering "D:\\se_project\\team02\\app\\api\\admin\\souvenir\\items"
2025-12-24T03:21:16.380321Z  INFO get_globs:scan_sources: tailwindcss_oxide::scanner: Discovering "D:\\se_project\\team02\\app\\api\\admin\\souvenir\\items\\[id]"
2025-12-24T03:21:16.380722Z  INFO get_globs:scan_sources: tailwindcss_oxide::scanner: Discovering "D:\\se_project\\team02\\app\\api\\admin\\souvenir\\link-options"
2025-12-24T03:21:16.381043Z  INFO get_globs:scan_sources: tailwindcss_oxide::scanner: Discovering "D:\\se_project\\team02\\app\\api\\admin\\souvenir\\redeem"
2025-12-24T03:21:16.381216Z  INFO get_globs:scan_sources: tailwindcss_oxide::scanner: Discovering "D:\\se_project\\team02\\app\\api\\admin\\souvenir\\shipments"
2025-12-24T03:21:16.381373Z  INFO get_globs:scan_sources: tailwindcss_oxide::scanner: Discovering "D:\\se_project\\team02\\app\\api\\admin\\souvenir\\shipments\\[id]"
2025-12-24T03:21:16.381613Z  INFO get_globs:scan_sources: tailwindcss_oxide::scanner: Discovering "D:\\se_project\\team02\\app\\api\\admin\\souvenir\\stock"
2025-12-24T03:21:16.381820Z  INFO get_globs:scan_sources: tailwindcss_oxide::scanner: Discovering "D:\\se_project\\team02\\app\\api\\admin\\update-status"
2025-12-24T03:21:16.382021Z  INFO get_globs:scan_sources: tailwindcss_oxide::scanner: Discovering "D:\\se_project\\team02\\app\\api\\admin\\users"
2025-12-24T03:21:16.382235Z  INFO get_globs:scan_sources: tailwindcss_oxide::scanner: Discovering "D:\\se_project\\team02\\app\\api\\auth"
2025-12-24T03:21:16.382375Z  INFO get_globs:scan_sources: tailwindcss_oxide::scanner: Discovering "D:\\se_project\\team02\\app\\api\\auth\\forgot-password"
2025-12-24T03:21:16.382544Z  INFO get_globs:scan_sources: tailwindcss_oxide::scanner: Discovering "D:\\se_project\\team02\\app\\api\\auth\\login"
2025-12-24T03:21:16.382711Z  INFO get_globs:scan_sources: tailwindcss_oxide::scanner: Discovering "D:\\se_project\\team02\\app\\api\\auth\\logout"
2025-12-24T03:21:16.382886Z  INFO get_globs:scan_sources: tailwindcss_oxide::scanner: Discovering "D:\\se_project\\team02\\app\\api\\auth\\me"
2025-12-24T03:21:16.383044Z  INFO get_globs:scan_sources: tailwindcss_oxide::scanner: Discovering "D:\\se_project\\team02\\app\\api\\auth\\register"
2025-12-24T03:21:16.383219Z  INFO get_globs:scan_sources: tailwindcss_oxide::scanner: Discovering "D:\\se_project\\team02\\app\\api\\auth\\reset-password"
2025-12-24T03:21:16.383425Z  INFO get_globs:scan_sources: tailwindcss_oxide::scanner: Discovering "D:\\se_project\\team02\\app\\api\\booking"
2025-12-24T03:21:16.383603Z  INFO get_globs:scan_sources: tailwindcss_oxide::scanner: Discovering "D:\\se_project\\team02\\app\\api\\booking-form"
2025-12-24T03:21:16.383934Z  INFO get_globs:scan_sources: tailwindcss_oxide::scanner: Discovering "D:\\se_project\\team02\\app\\api\\budget-report"
2025-12-24T03:21:16.384156Z  INFO get_globs:scan_sources: tailwindcss_oxide::scanner: Discovering "D:\\se_project\\team02\\app\\api\\budget-report\\approved-projects"
2025-12-24T03:21:16.384381Z  INFO get_globs:scan_sources: tailwindcss_oxide::scanner: Discovering "D:\\se_project\\team02\\app\\api\\budget-report\\restore"
2025-12-24T03:21:16.384596Z  INFO get_globs:scan_sources: tailwindcss_oxide::scanner: Discovering "D:\\se_project\\team02\\app\\api\\budget-round"
2025-12-24T03:21:16.384780Z  INFO get_globs:scan_sources: tailwindcss_oxide::scanner: Discovering "D:\\se_project\\team02\\app\\api\\check-env"
2025-12-24T03:21:16.384942Z  INFO get_globs:scan_sources: tailwindcss_oxide::scanner: Discovering "D:\\se_project\\team02\\app\\api\\content"
2025-12-24T03:21:16.385093Z  INFO get_globs:scan_sources: tailwindcss_oxide::scanner: Discovering "D:\\se_project\\team02\\app\\api\\content\\[id]"
2025-12-24T03:21:16.385216Z  INFO get_globs:scan_sources: tailwindcss_oxide::scanner: Discovering "D:\\se_project\\team02\\app\\api\\content\\[id]\\registrations"
2025-12-24T03:21:16.385432Z  INFO get_globs:scan_sources: tailwindcss_oxide::scanner: Discovering "D:\\se_project\\team02\\app\\api\\donation-project"
2025-12-24T03:21:16.385605Z  INFO get_globs:scan_sources: tailwindcss_oxide::scanner: Discovering "D:\\se_project\\team02\\app\\api\\donation-project\\upload-poster"
2025-12-24T03:21:16.385779Z  INFO get_globs:scan_sources: tailwindcss_oxide::scanner: Discovering "D:\\se_project\\team02\\app\\api\\donation-project\\[id]"
2025-12-24T03:21:16.385959Z  INFO get_globs:scan_sources: tailwindcss_oxide::scanner: Discovering "D:\\se_project\\team02\\app\\api\\donation-transaction"
2025-12-24T03:21:16.386127Z  INFO get_globs:scan_sources: tailwindcss_oxide::scanner: Discovering "D:\\se_project\\team02\\app\\api\\forum"
2025-12-24T03:21:16.386260Z  INFO get_globs:scan_sources: tailwindcss_oxide::scanner: Discovering "D:\\se_project\\team02\\app\\api\\forum\\category"
2025-12-24T03:21:16.386432Z  INFO get_globs:scan_sources: tailwindcss_oxide::scanner: Discovering "D:\\se_project\\team02\\app\\api\\forum\\comment"
2025-12-24T03:21:16.386606Z  INFO get_globs:scan_sources: tailwindcss_oxide::scanner: Discovering "D:\\se_project\\team02\\app\\api\\forum\\topic"
2025-12-24T03:21:16.386758Z  INFO get_globs:scan_sources: tailwindcss_oxide::scanner: Discovering "D:\\se_project\\team02\\app\\api\\forum\\topic\\[id]"
2025-12-24T03:21:16.386943Z  INFO get_globs:scan_sources: tailwindcss_oxide::scanner: Discovering "D:\\se_project\\team02\\app\\api\\fund-projects"
2025-12-24T03:21:16.387091Z  INFO get_globs:scan_sources: tailwindcss_oxide::scanner: Discovering "D:\\se_project\\team02\\app\\api\\fund-projects\\[id]"
2025-12-24T03:21:16.387264Z  INFO get_globs:scan_sources: tailwindcss_oxide::scanner: Discovering "D:\\se_project\\team02\\app\\api\\payment-method"
2025-12-24T03:21:16.387443Z  INFO get_globs:scan_sources: tailwindcss_oxide::scanner: Discovering "D:\\se_project\\team02\\app\\api\\project-manager"
2025-12-24T03:21:16.387611Z  INFO get_globs:scan_sources: tailwindcss_oxide::scanner: Discovering "D:\\se_project\\team02\\app\\api\\project-proposal"
2025-12-24T03:21:16.387770Z  INFO get_globs:scan_sources: tailwindcss_oxide::scanner: Discovering "D:\\se_project\\team02\\app\\api\\project-vote"
2025-12-24T03:21:16.387929Z  INFO get_globs:scan_sources: tailwindcss_oxide::scanner: Discovering "D:\\se_project\\team02\\app\\api\\souvenir"
2025-12-24T03:21:16.388047Z  INFO get_globs:scan_sources: tailwindcss_oxide::scanner: Discovering "D:\\se_project\\team02\\app\\api\\souvenir\\items"
2025-12-24T03:21:16.388220Z  INFO get_globs:scan_sources: tailwindcss_oxide::scanner: Discovering "D:\\se_project\\team02\\app\\api\\test"
2025-12-24T03:21:16.388385Z  INFO get_globs:scan_sources: tailwindcss_oxide::scanner: Discovering "D:\\se_project\\team02\\app\\api\\test-gmail"
2025-12-24T03:21:16.388547Z  INFO get_globs:scan_sources: tailwindcss_oxide::scanner: Discovering "D:\\se_project\\team02\\app\\api\\upload"
2025-12-24T03:21:16.388704Z  INFO get_globs:scan_sources: tailwindcss_oxide::scanner: Discovering "D:\\se_project\\team02\\app\\api\\user"
2025-12-24T03:21:16.388825Z  INFO get_globs:scan_sources: tailwindcss_oxide::scanner: Discovering "D:\\se_project\\team02\\app\\api\\user\\news"
2025-12-24T03:21:16.388942Z  INFO get_globs:scan_sources: tailwindcss_oxide::scanner: Discovering "D:\\se_project\\team02\\app\\api\\user\\news\\submission"
2025-12-24T03:21:16.389117Z  INFO get_globs:scan_sources: tailwindcss_oxide::scanner: Discovering "D:\\se_project\\team02\\app\\api\\user\\profile"
2025-12-24T03:21:16.389320Z  INFO get_globs:scan_sources: tailwindcss_oxide::scanner: Discovering "D:\\se_project\\team02\\app\\auth"
2025-12-24T03:21:16.389460Z  INFO get_globs:scan_sources: tailwindcss_oxide::scanner: Discovering "D:\\se_project\\team02\\app\\auth\\forgot-password"
2025-12-24T03:21:16.389654Z  INFO get_globs:scan_sources: tailwindcss_oxide::scanner: Discovering "D:\\se_project\\team02\\app\\auth\\login"
2025-12-24T03:21:16.389856Z  INFO get_globs:scan_sources: tailwindcss_oxide::scanner: Discovering "D:\\se_project\\team02\\app\\auth\\register"
2025-12-24T03:21:16.390018Z  INFO get_globs:scan_sources: tailwindcss_oxide::scanner: Discovering "D:\\se_project\\team02\\app\\auth\\reset-password"
2025-12-24T03:21:16.390220Z  INFO get_globs:scan_sources: tailwindcss_oxide::scanner: Discovering "D:\\se_project\\team02\\app\\components"
2025-12-24T03:21:16.390336Z  INFO get_globs:scan_sources: tailwindcss_oxide::scanner: Discovering "D:\\se_project\\team02\\app\\components\\layout"
2025-12-24T03:21:16.390520Z  INFO get_globs:scan_sources: tailwindcss_oxide::scanner: Discovering "D:\\se_project\\team02\\app\\components\\tables"
2025-12-24T03:21:16.390682Z  INFO get_globs:scan_sources: tailwindcss_oxide::scanner: Discovering "D:\\se_project\\team02\\app\\components\\ui"
2025-12-24T03:21:16.391153Z  INFO get_globs:scan_sources: tailwindcss_oxide::scanner: Discovering "D:\\se_project\\team02\\app\\lib"
2025-12-24T03:21:16.391631Z  INFO get_globs:scan_sources: tailwindcss_oxide::scanner: Discovering "D:\\se_project\\team02\\app\\types"
2025-12-24T03:21:16.391908Z  INFO get_globs:scan_sources: tailwindcss_oxide::scanner: Discovering "D:\\se_project\\team02\\app\\user"
2025-12-24T03:21:16.392053Z  INFO get_globs:scan_sources: tailwindcss_oxide::scanner: Discovering "D:\\se_project\\team02\\app\\user\\booking"
2025-12-24T03:21:16.392220Z  INFO get_globs:scan_sources: tailwindcss_oxide::scanner: Discovering "D:\\se_project\\team02\\app\\user\\budget"
2025-12-24T03:21:16.392386Z  INFO get_globs:scan_sources: tailwindcss_oxide::scanner: Discovering "D:\\se_project\\team02\\app\\user\\donation"
2025-12-24T03:21:16.392536Z  INFO get_globs:scan_sources: tailwindcss_oxide::scanner: Discovering "D:\\se_project\\team02\\app\\user\\donation\\form"
2025-12-24T03:21:16.392846Z  INFO get_globs:scan_sources: tailwindcss_oxide::scanner: Discovering "D:\\se_project\\team02\\app\\user\\donation\\[id]"
2025-12-24T03:21:16.393036Z  INFO get_globs:scan_sources: tailwindcss_oxide::scanner: Discovering "D:\\se_project\\team02\\app\\user\\donation-budget"
2025-12-24T03:21:16.393158Z  INFO get_globs:scan_sources: tailwindcss_oxide::scanner: Discovering "D:\\se_project\\team02\\app\\user\\donation-budget\\detail"
2025-12-24T03:21:16.393316Z  INFO get_globs:scan_sources: tailwindcss_oxide::scanner: Discovering "D:\\se_project\\team02\\app\\user\\donation-budget\\from"
2025-12-24T03:21:16.393683Z  INFO get_globs:scan_sources: tailwindcss_oxide::scanner: Discovering "D:\\se_project\\team02\\app\\user\\editprofile"
2025-12-24T03:21:16.393897Z  INFO get_globs:scan_sources: tailwindcss_oxide::scanner: Discovering "D:\\se_project\\team02\\app\\user\\job"
2025-12-24T03:21:16.394019Z  INFO get_globs:scan_sources: tailwindcss_oxide::scanner: Discovering "D:\\se_project\\team02\\app\\user\\job\\create"
2025-12-24T03:21:16.394186Z  INFO get_globs:scan_sources: tailwindcss_oxide::scanner: Discovering "D:\\se_project\\team02\\app\\user\\job\\detail"
2025-12-24T03:21:16.394397Z  INFO get_globs:scan_sources: tailwindcss_oxide::scanner: Discovering "D:\\se_project\\team02\\app\\user\\news"
2025-12-24T03:21:16.394549Z  INFO get_globs:scan_sources: tailwindcss_oxide::scanner: Discovering "D:\\se_project\\team02\\app\\user\\news\\submission"
2025-12-24T03:21:16.394718Z  INFO get_globs:scan_sources: tailwindcss_oxide::scanner: Discovering "D:\\se_project\\team02\\app\\user\\news\\[slug]"
2025-12-24T03:21:16.394888Z  INFO get_globs:scan_sources: tailwindcss_oxide::scanner: Discovering "D:\\se_project\\team02\\app\\user\\payment"
2025-12-24T03:21:16.395045Z  INFO get_globs:scan_sources: tailwindcss_oxide::scanner: Discovering "D:\\se_project\\team02\\app\\user\\souvenir"
2025-12-24T03:21:16.395307Z  INFO get_globs:scan_sources: tailwindcss_oxide::scanner: Discovering "D:\\se_project\\team02\\app\\user\\talk"
2025-12-24T03:21:16.395447Z  INFO get_globs:scan_sources: tailwindcss_oxide::scanner: Discovering "D:\\se_project\\team02\\app\\user\\talk\\create"
2025-12-24T03:21:16.395676Z  INFO get_globs:scan_sources: tailwindcss_oxide::scanner: Discovering "D:\\se_project\\team02\\app\\user\\vote"
2025-12-24T03:21:16.395938Z  INFO get_globs:scan_sources: tailwindcss_oxide::scanner: Discovering "D:\\se_project\\team02\\azure"
2025-12-24T03:21:16.396187Z  INFO get_globs:scan_sources: tailwindcss_oxide::scanner: Discovering "D:\\se_project\\team02\\components"
2025-12-24T03:21:16.396320Z  INFO get_globs:scan_sources: tailwindcss_oxide::scanner: Discovering "D:\\se_project\\team02\\components\\ui"
2025-12-24T03:21:16.396666Z  INFO get_globs:scan_sources: tailwindcss_oxide::scanner: Discovering "D:\\se_project\\team02\\constants"
2025-12-24T03:21:16.397382Z  INFO get_globs:scan_sources: tailwindcss_oxide::scanner: Discovering "D:\\se_project\\team02\\lib"
2025-12-24T03:21:16.397831Z  INFO get_globs:scan_sources: tailwindcss_oxide::scanner: Discovering "D:\\se_project\\team02\\prisma"
2025-12-24T03:21:16.397964Z  INFO get_globs:scan_sources: tailwindcss_oxide::scanner: Discovering "D:\\se_project\\team02\\prisma\\migrations"
2025-12-24T03:21:16.398167Z  INFO get_globs:scan_sources: tailwindcss_oxide::scanner: Discovering "D:\\se_project\\team02\\prisma\\migrations\\20251110101614_init"
2025-12-24T03:21:16.398352Z  INFO get_globs:scan_sources: tailwindcss_oxide::scanner: Discovering "D:\\se_project\\team02\\prisma\\migrations\\20251115160744_init_auth"
2025-12-24T03:21:16.398523Z  INFO get_globs:scan_sources: tailwindcss_oxide::scanner: Discovering "D:\\se_project\\team02\\prisma\\migrations\\20251116110230_add_education_and_verification_tables"
2025-12-24T03:21:16.398756Z  INFO get_globs:scan_sources: tailwindcss_oxide::scanner: Discovering "D:\\se_project\\team02\\prisma\\migrations\\20251126205101_add_submission"
2025-12-24T03:21:16.398922Z  INFO get_globs:scan_sources: tailwindcss_oxide::scanner: Discovering "D:\\se_project\\team02\\prisma\\migrations\\20251126213836_some_meaningful_name"
2025-12-24T03:21:16.399091Z  INFO get_globs:scan_sources: tailwindcss_oxide::scanner: Discovering "D:\\se_project\\team02\\prisma\\migrations\\20251205043711_create_donation_models"
2025-12-24T03:21:16.399275Z  INFO get_globs:scan_sources: tailwindcss_oxide::scanner: Discovering "D:\\se_project\\team02\\prisma\\migrations\\20251205080712_add_souvenir_system"
2025-12-24T03:21:16.399448Z  INFO get_globs:scan_sources: tailwindcss_oxide::scanner: Discovering "D:\\se_project\\team02\\prisma\\migrations\\20251205095840_add_booking_content_management_system"
2025-12-24T03:21:16.399635Z  INFO get_globs:scan_sources: tailwindcss_oxide::scanner: Discovering "D:\\se_project\\team02\\prisma\\migrations\\20251205100153_add_budget_project_management_system"
2025-12-24T03:21:16.399867Z  INFO get_globs:scan_sources: tailwindcss_oxide::scanner: Discovering "D:\\se_project\\team02\\prisma\\migrations\\20251205100726_add_community_forum_system"
2025-12-24T03:21:16.400057Z  INFO get_globs:scan_sources: tailwindcss_oxide::scanner: Discovering "D:\\se_project\\team02\\prisma\\migrations\\20251205170425_remove_staff_role"
2025-12-24T03:21:16.400235Z  INFO get_globs:scan_sources: tailwindcss_oxide::scanner: Discovering "D:\\se_project\\team02\\prisma\\migrations\\20251206052336_add_souvenir_item_relation"
2025-12-24T03:21:16.400421Z  INFO get_globs:scan_sources: tailwindcss_oxide::scanner: Discovering "D:\\se_project\\team02\\prisma\\migrations\\20251206060306_some_meaningful_name"
2025-12-24T03:21:16.400894Z  INFO get_globs:scan_sources: tailwindcss_oxide::scanner: Discovering "D:\\se_project\\team02\\prisma\\migrations\\20251206092847_add_title_to_content"
2025-12-24T03:21:16.401185Z  INFO get_globs:scan_sources: tailwindcss_oxide::scanner: Discovering "D:\\se_project\\team02\\prisma\\migrations\\20251213101316_add_is_published"
2025-12-24T03:21:16.401369Z  INFO get_globs:scan_sources: tailwindcss_oxide::scanner: Discovering "D:\\se_project\\team02\\prisma\\migrations\\20251213105547"
2025-12-24T03:21:16.401550Z  INFO get_globs:scan_sources: tailwindcss_oxide::scanner: Discovering "D:\\se_project\\team02\\prisma\\migrations\\20251214090808_add_souvenir_to_donation_project"
2025-12-24T03:21:16.401730Z  INFO get_globs:scan_sources: tailwindcss_oxide::scanner: Discovering "D:\\se_project\\team02\\prisma\\migrations\\20251214114700_add_shipment_dates"
2025-12-24T03:21:16.401903Z  INFO get_globs:scan_sources: tailwindcss_oxide::scanner: Discovering "D:\\se_project\\team02\\prisma\\migrations\\20251217025913_add_password_reset_token"
2025-12-24T03:21:16.402229Z  INFO get_globs:scan_sources: tailwindcss_oxide::scanner: Discovering "D:\\se_project\\team02\\prisma\\migrations\\20251219090049_y"
2025-12-24T03:21:16.402555Z  INFO get_globs:scan_sources: tailwindcss_oxide::scanner: Discovering "D:\\se_project\\team02\\prisma\\migrations\\20251224031927_y"
2025-12-24T03:21:16.402940Z  INFO get_globs:scan_sources: tailwindcss_oxide::scanner: Discovering "D:\\se_project\\team02\\public"
2025-12-24T03:21:16.403104Z  INFO get_globs:scan_sources: tailwindcss_oxide::scanner: Discovering "D:\\se_project\\team02\\public\\auth_photo"
2025-12-24T03:21:16.403251Z  INFO get_globs:scan_sources: tailwindcss_oxide::scanner: Discovering "D:\\se_project\\team02\\public\\budget"
2025-12-24T03:21:16.403382Z  INFO get_globs:scan_sources: tailwindcss_oxide::scanner: Discovering "D:\\se_project\\team02\\public\\budget\\upload"
2025-12-24T03:21:16.403585Z  INFO get_globs:scan_sources: tailwindcss_oxide::scanner: Discovering "D:\\se_project\\team02\\public\\Content"
2025-12-24T03:21:16.403770Z  INFO get_globs:scan_sources: tailwindcss_oxide::scanner: Discovering "D:\\se_project\\team02\\public\\donation_poster"
2025-12-24T03:21:16.404089Z  INFO get_globs:scan_sources: tailwindcss_oxide::scanner: Discovering "D:\\se_project\\team02\\public\\souvenir"
2025-12-24T03:21:16.404285Z  INFO get_globs:scan_sources: tailwindcss_oxide::scanner: Discovering "D:\\se_project\\team02\\public\\submission"
2025-12-24T03:21:16.404436Z  INFO get_globs:scan_sources: tailwindcss_oxide::scanner: Discovering "D:\\se_project\\team02\\public\\SUT_font"
2025-12-24T03:21:16.404586Z  INFO get_globs:scan_sources: tailwindcss_oxide::scanner: Discovering "D:\\se_project\\team02\\public\\SUT_font\\NotoSansThaiLooped"
2025-12-24T03:21:16.404724Z  INFO get_globs:scan_sources: tailwindcss_oxide::scanner: Discovering "D:\\se_project\\team02\\public\\SUT_font\\NotoSansThaiLooped\\full"
2025-12-24T03:21:16.404865Z  INFO get_globs:scan_sources: tailwindcss_oxide::scanner: Discovering "D:\\se_project\\team02\\public\\SUT_font\\NotoSansThaiLooped\\full\\otf"
2025-12-24T03:21:16.405156Z  INFO get_globs:scan_sources: tailwindcss_oxide::scanner: Discovering "D:\\se_project\\team02\\public\\SUT_font\\NotoSansThaiLooped\\full\\ttf"
2025-12-24T03:21:16.405491Z  INFO get_globs:scan_sources: tailwindcss_oxide::scanner: Discovering "D:\\se_project\\team02\\public\\SUT_font\\NotoSansThaiLooped\\googlefonts"
2025-12-24T03:21:16.405657Z  INFO get_globs:scan_sources: tailwindcss_oxide::scanner: Discovering "D:\\se_project\\team02\\public\\SUT_font\\NotoSansThaiLooped\\googlefonts\\ttf"
2025-12-24T03:21:16.405855Z  INFO get_globs:scan_sources: tailwindcss_oxide::scanner: Discovering "D:\\se_project\\team02\\public\\SUT_font\\NotoSansThaiLooped\\hinted"
2025-12-24T03:21:16.405992Z  INFO get_globs:scan_sources: tailwindcss_oxide::scanner: Discovering "D:\\se_project\\team02\\public\\SUT_font\\NotoSansThaiLooped\\hinted\\ttf"
2025-12-24T03:21:16.406350Z  INFO get_globs:scan_sources: tailwindcss_oxide::scanner: Discovering "D:\\se_project\\team02\\public\\SUT_font\\NotoSansThaiLooped\\unhinted"
2025-12-24T03:21:16.406503Z  INFO get_globs:scan_sources: tailwindcss_oxide::scanner: Discovering "D:\\se_project\\team02\\public\\SUT_font\\NotoSansThaiLooped\\unhinted\\otf"
2025-12-24T03:21:16.406789Z  INFO get_globs:scan_sources: tailwindcss_oxide::scanner: Discovering "D:\\se_project\\team02\\public\\SUT_font\\NotoSansThaiLooped\\unhinted\\ttf"
2025-12-24T03:21:16.407105Z  INFO get_globs:scan_sources: tailwindcss_oxide::scanner: Discovering "D:\\se_project\\team02\\public\\SUT_font\\Noto_Sans_Thai"
2025-12-24T03:21:16.407256Z  INFO get_globs:scan_sources: tailwindcss_oxide::scanner: Discovering "D:\\se_project\\team02\\public\\SUT_font\\Noto_Sans_Thai\\static"
2025-12-24T03:21:16.407396Z  INFO get_globs:scan_sources: tailwindcss_oxide::scanner: Discovering "D:\\se_project\\team02\\public\\SUT_font\\Noto_Sans_Thai\\static\\NotoSansThai"
2025-12-24T03:21:16.407796Z  INFO get_globs:scan_sources: tailwindcss_oxide::scanner: Discovering "D:\\se_project\\team02\\public\\SUT_font\\Noto_Sans_Thai\\static\\NotoSansThai_Condensed"
2025-12-24T03:21:16.408107Z  INFO get_globs:scan_sources: tailwindcss_oxide::scanner: Discovering "D:\\se_project\\team02\\public\\SUT_font\\Noto_Sans_Thai\\static\\NotoSansThai_ExtraCondensed"
2025-12-24T03:21:16.408327Z  INFO get_globs:scan_sources: tailwindcss_oxide::scanner: Discovering "D:\\se_project\\team02\\public\\SUT_font\\Noto_Sans_Thai\\static\\NotoSansThai_SemiCondensed"
2025-12-24T03:21:16.408587Z  INFO get_globs:scan_sources: tailwindcss_oxide::scanner: Discovering "D:\\se_project\\team02\\public\\uploads"
2025-12-24T03:21:16.408726Z  INFO get_globs:scan_sources: tailwindcss_oxide::scanner: Discovering "D:\\se_project\\team02\\public\\uploads\\content"
2025-12-24T03:21:16.408939Z  INFO get_globs:scan_sources: tailwindcss_oxide::scanner: Discovering "D:\\se_project\\team02\\public\\uploads\\posters"
2025-12-24T03:21:16.409172Z  INFO get_globs:scan_sources: tailwindcss_oxide::scanner: Discovering "D:\\se_project\\team02\\public\\uploads\\submissions"
2025-12-24T03:21:16.409347Z  INFO get_globs:scan_sources: tailwindcss_oxide::scanner: Discovering "D:\\se_project\\team02\\public\\uploads\\transcripts"
2025-12-24T03:21:16.409666Z  INFO get_globs:scan_sources: tailwindcss_oxide::scanner: Discovering "D:\\se_project\\team02\\scripts"
2025-12-24T03:21:16.410214Z  INFO get_globs:scan_sources: tailwindcss_oxide::scanner: Discovering "D:\\se_project\\team02\\tests"
2025-12-24T03:21:16.410377Z  INFO get_globs:scan_sources: tailwindcss_oxide::scanner: Discovering "D:\\se_project\\team02\\tests\\api"
2025-12-24T03:21:16.410510Z  INFO get_globs:scan_sources: tailwindcss_oxide::scanner: Discovering "D:\\se_project\\team02\\tests\\api\\auth"
2025-12-24T03:21:16.410683Z  INFO get_globs:scan_sources: tailwindcss_oxide::scanner: Discovering "D:\\se_project\\team02\\tests\\api\\booking"
2025-12-24T03:21:16.410850Z  INFO get_globs:scan_sources: tailwindcss_oxide::scanner: Discovering "D:\\se_project\\team02\\tests\\api\\content"
2025-12-24T03:21:16.411025Z  INFO get_globs:scan_sources: tailwindcss_oxide::scanner: Discovering "D:\\se_project\\team02\\tests\\api\\project-proposal"
2025-12-24T03:21:16.411192Z  INFO get_globs:scan_sources: tailwindcss_oxide::scanner: Discovering "D:\\se_project\\team02\\tests\\api\\souvenir"
2025-12-24T03:21:16.411359Z  INFO get_globs:scan_sources: tailwindcss_oxide::scanner: Discovering "D:\\se_project\\team02\\tests\\api\\submision"
2025-12-24T03:21:16.411753Z  INFO get_globs:scan_sources: tailwindcss_oxide::scanner: exit
2025-12-24T03:21:16.436696Z  INFO get_globs: tailwindcss_oxide::scanner: exit
